obs_id,ID,alt_id,tt,co,choice
0,67.0,0,-0.2563794831474127,-0.3451920654382559,0
0,67.0,1,-0.41246087244856955,-0.3541373646176848,1
0,67.0,2,-0.331816994045992,-0.305831862234505,0
1,67.0,0,-0.7457224808131944,-0.3666061128809892,0
1,67.0,1,-0.3333780464571523,-0.3672026865136318,1
1,67.0,2,0.023137793562636597,-0.5349829731081456,0
2,67.0,0,-0.2563794831474127,-0.3666061128809892,0
2,67.0,1,-0.2279342784685959,-0.3623031908026517,1
2,67.0,2,-0.5684535191184111,-0.5349829731081456,0
3,67.0,0,-0.5826081482579337,-0.3666061128809892,0
3,67.0,1,-0.2279342784685959,-0.3623031908026517,1
3,67.0,2,0.023137793562636597,0.03789480407595583,0
4,67.0,0,-0.5826081482579337,-0.35911119627603255,0
4,67.0,1,-0.2279342784685959,-0.3623031908026517,1
4,67.0,2,-0.5684535191184111,0.03789480407595583,0
5,67.0,0,-0.7457224808131944,-0.35911119627603255,0
5,67.0,1,-0.2279342784685959,-0.3623031908026517,1
5,67.0,2,0.023137793562636597,-0.305831862234505,0
6,67.0,0,-0.7457224808131944,-0.3451920654382559,1
6,67.0,1,-0.3333780464571523,-0.3508710341436981,0
6,67.0,2,-0.331816994045992,-0.5349829731081456,0
7,67.0,0,-0.7457224808131944,-0.35911119627603255,0
7,67.0,1,-0.41246087244856955,-0.35903686032866494,1
7,67.0,2,-0.331816994045992,0.03789480407595583,0
8,67.0,0,-0.5826081482579337,-0.3451920654382559,0
8,67.0,1,-0.2279342784685959,-0.3418886253402345,1
8,67.0,2,-0.331816994045992,0.03789480407595583,0
9,74.0,0,-0.8762139468574027,-0.3516162796710759,0
9,74.0,1,-1.3087329003512989,-0.35903686032866494,1
9,74.0,2,-0.06888752174330415,-0.4967911212958721,0
10,74.0,0,-1.267688344990028,-0.37088892236953586,0
10,74.0,1,-1.2296500743598815,-0.3696524343691219,1
10,74.0,2,0.3649461075561308,-0.6877503803572392,0
11,74.0,0,-0.8762139468574027,-0.37088892236953586,0
11,74.0,1,-1.124206306371325,-0.3672026865136318,1
11,74.0,2,-0.3581099412762608,-0.6877503803572392,0
12,74.0,0,-1.1371968789458196,-0.37088892236953586,0
12,74.0,1,-1.124206306371325,-0.3672026865136318,1
12,74.0,2,0.3649461075561308,-0.21035223270382142,0
13,74.0,0,-1.1371968789458196,-0.3644647081367159,0
13,74.0,1,-1.124206306371325,-0.3647529386581418,1
13,74.0,2,-0.3581099412762608,-0.21035223270382142,0
14,74.0,0,-1.267688344990028,-0.3644647081367159,1
14,74.0,1,-1.124206306371325,-0.3647529386581418,0
14,74.0,2,0.3649461075561308,-0.4967911212958721,0
15,74.0,0,-1.267688344990028,-0.3516162796710759,1
15,74.0,1,-1.2296500743598815,-0.3541373646176848,0
15,74.0,2,-0.06888752174330415,-0.6877503803572392,0
16,74.0,0,-1.267688344990028,-0.3644647081367159,0
16,74.0,1,-1.3087329003512989,-0.3623031908026517,1
16,74.0,2,-0.06888752174330415,-0.21035223270382142,0
17,74.0,0,-1.1371968789458196,-0.3516162796710759,1
17,74.0,1,-1.124206306371325,-0.34597153843271794,0
17,74.0,2,-0.06888752174330415,-0.21035223270382142,0
18,96.0,0,-0.4847395487247774,4.967633105103873,0
18,96.0,1,-0.5706265244314042,3.692846092651902,1
18,96.0,2,-0.20035225789464808,1.412801469317799,0
19,96.0,0,-0.8272796470908246,3.6185481162116764,0
19,96.0,1,-0.49154369843998685,3.692846092651902,1
19,96.0,2,0.1940419505593837,0.8399236921336978,0
20,96.0,0,-0.4847395487247774,3.6185481162116764,0
20,96.0,1,-0.3860999304514305,4.035810792420511,1
20,96.0,2,-0.46328173019733593,0.8399236921336978,0
21,96.0,0,-0.7130996143021422,3.6185481162116764,0
21,96.0,1,-0.3860999304514305,4.035810792420511,1
21,96.0,2,0.1940419505593837,2.272118135093951,0
22,96.0,0,-0.7130996143021422,4.068243112509076,0
22,96.0,1,-0.3860999304514305,3.692846092651902,1
22,96.0,2,-0.46328173019733593,2.272118135093951,0
23,96.0,0,-0.8272796470908246,4.068243112509076,0
23,96.0,1,-0.3860999304514305,3.692846092651902,1
23,96.0,2,0.1940419505593837,1.412801469317799,0
24,96.0,0,-0.8272796470908246,4.967633105103873,0
24,96.0,1,-0.49154369843998685,4.035810792420511,1
24,96.0,2,-0.20035225789464808,0.8399236921336978,0
25,96.0,0,-0.8272796470908246,4.068243112509076,0
25,96.0,1,-0.5706265244314042,4.035810792420511,1
25,96.0,2,-0.20035225789464808,2.272118135093951,0
26,96.0,0,-0.7130996143021422,4.967633105103873,0
26,96.0,1,-0.3860999304514305,5.064704891726338,1
26,96.0,2,-0.20035225789464808,2.272118135093951,0
27,221.0,0,-0.8599025136018766,-0.3965857793008158,0
27,221.0,1,-1.2296500743598815,-0.3949664955425192,1
27,221.0,2,-0.5947464663486799,-1.0696688984799736,0
28,221.0,0,-1.202442611967924,-0.40515139827790914,0
28,221.0,1,-1.1505672483684641,-0.4014991564904927,1
28,221.0,2,-0.31867052043085764,-1.1460526021045203,0
29,221.0,0,-0.8599025136018766,-0.40515139827790914,0
29,221.0,1,-1.0451234803799079,-0.39986599125349936,1
29,221.0,2,-0.7787970969605614,-1.1460526021045203,0
30,221.0,0,-1.0882625791792415,-0.40515139827790914,0
30,221.0,1,-1.0451234803799079,-0.39986599125349936,1
30,221.0,2,-0.31867052043085764,-0.9550933430431532,0
31,221.0,0,-1.0882625791792415,-0.4019392911614991,0
31,221.0,1,-1.0451234803799079,-0.39904940863500266,1
31,221.0,2,-0.7787970969605614,-0.9550933430431532,0
32,221.0,0,-1.202442611967924,-0.4019392911614991,0
32,221.0,1,-1.0451234803799079,-0.39904940863500266,1
32,221.0,2,-0.31867052043085764,-1.0696688984799736,0
33,221.0,0,-1.202442611967924,-0.3965857793008158,0
33,221.0,1,-1.1505672483684641,-0.3917001650685325,1
33,221.0,2,-0.5947464663486799,-1.1460526021045203,0
34,221.0,0,-1.202442611967924,-0.4019392911614991,0
34,221.0,1,-1.2296500743598815,-0.3965996607795126,1
34,221.0,2,-0.5947464663486799,-0.9550933430431532,0
35,221.0,0,-1.0882625791792415,-0.3965857793008158,1
35,221.0,1,-1.0451234803799079,-0.387617251976049,0
35,221.0,2,-0.5947464663486799,-0.9550933430431532,0
36,242.0,0,-1.267688344990028,-0.4019392911614991,1
36,242.0,1,-0.8605968863999341,-0.39986599125349936,0
36,242.0,2,-0.7262112025000238,-0.8405177876063329,0
37,242.0,0,-1.267688344990028,-0.40515139827790914,1
37,242.0,1,-0.9660406543884905,-0.3974162433980093,0
37,242.0,2,-0.48957467742760474,-0.6877503803572392,0
38,242.0,0,-1.267688344990028,-0.4019392911614991,1
38,242.0,1,-0.9133187703942124,-0.3949664955425192,0
38,242.0,2,-0.48957467742760474,-0.4585992694835987,0
39,242.0,0,-1.5449827103339708,-0.40515139827790914,1
39,242.0,1,-0.9660406543884905,-0.3974162433980093,0
39,242.0,2,-0.8839688858816365,-0.4585992694835987,0
40,242.0,0,-1.4471141108008145,-0.4019392911614991,1
40,242.0,1,-0.9660406543884905,-0.39904940863500266,0
40,242.0,2,-0.48957467742760474,-0.8405177876063329,0
41,242.0,0,-1.4471141108008145,-0.40515139827790914,1
41,242.0,1,-0.9133187703942124,-0.40231573910898943,0
41,242.0,2,-0.8839688858816365,-0.6877503803572392,0
42,242.0,0,-1.4471141108008145,-0.3965857793008158,1
42,242.0,1,-0.9660406543884905,-0.3965996607795126,0
42,242.0,2,-0.8839688858816365,-0.8405177876063329,0
43,242.0,0,-1.4471141108008145,-0.4019392911614991,1
43,242.0,1,-0.9133187703942124,-0.3949664955425192,0
43,242.0,2,-0.7262112025000238,-0.6877503803572392,0
44,242.0,0,-1.267688344990028,-0.3965857793008158,1
44,242.0,1,-0.9133187703942124,-0.3941499129240225,0
44,242.0,2,-0.8839688858816365,-0.4585992694835987,0
45,243.0,0,-0.3705595159360951,-0.3773131366023558,0
45,243.0,1,-0.254295220465735,-0.38026800840957886,1
46,243.0,0,-0.3705595159360951,-0.3773131366023558,0
46,243.0,1,-0.35973898845429136,-0.3753685126985987,1
47,243.0,0,-0.3705595159360951,-0.38266664846303916,0
47,243.0,1,-0.43882181444570867,-0.37863484317258544,1
48,243.0,0,-0.7130996143021422,-0.38266664846303916,1
48,243.0,1,-0.43882181444570867,-0.37863484317258544,0
49,243.0,0,-0.5989195815134598,-0.3773131366023558,1
49,243.0,1,-0.43882181444570867,-0.37945142579108215,0
50,243.0,0,-0.5989195815134598,-0.38266664846303916,1
50,243.0,1,-0.35973898845429136,-0.3835343388835656,0
51,243.0,0,-0.5989195815134598,-0.3666061128809892,1
51,243.0,1,-0.43882181444570867,-0.3761850953170954,0
52,243.0,0,-0.3705595159360951,-0.3666061128809892,1
52,243.0,1,-0.35973898845429136,-0.37210218222461194,0
53,243.0,0,-0.5989195815134598,-0.3773131366023558,1
53,243.0,1,-0.35973898845429136,-0.3753685126985987,0
54,249.0,0,-1.3329340780121322,-0.4030099935336358,1
54,249.0,1,-0.9660406543884905,-0.4014991564904927,0
55,249.0,0,-1.3329340780121322,-0.40515139827790914,1
55,249.0,1,-1.071484422377047,-0.39904940863500266,0
56,249.0,0,-1.3329340780121322,-0.4030099935336358,1
56,249.0,1,-1.0187625383827688,-0.3965996607795126,0
57,249.0,0,-1.593917010100549,-0.40515139827790914,1
57,249.0,1,-1.071484422377047,-0.39904940863500266,0
58,249.0,0,-1.5123598438229189,-0.4030099935336358,1
58,249.0,1,-1.071484422377047,-0.39986599125349936,0
59,249.0,0,-1.5123598438229189,-0.3976564816729525,1
59,249.0,1,-1.071484422377047,-0.3965996607795126,0
60,249.0,0,-1.5123598438229189,-0.40515139827790914,1
60,249.0,1,-1.0187625383827688,-0.40231573910898943,0
61,249.0,0,-1.5123598438229189,-0.4030099935336358,1
61,249.0,1,-1.0187625383827688,-0.3965996607795126,0
62,249.0,0,-1.3329340780121322,-0.3976564816729525,1
62,249.0,1,-1.0187625383827688,-0.3949664955425192,0
63,262.0,0,-0.8762139468574027,-0.4008685887893625,1
63,262.0,1,-1.2032891323627424,-0.3974162433980093,0
64,262.0,0,-1.2187540452234498,-0.40729280302218246,0
64,262.0,1,-1.124206306371325,-0.4031323217274861,1
65,262.0,0,-0.8762139468574027,-0.40729280302218246,0
65,262.0,1,-1.0187625383827688,-0.4014991564904927,1
66,262.0,0,-1.1045740124347674,-0.40729280302218246,1
66,262.0,1,-1.0187625383827688,-0.4014991564904927,0
67,262.0,0,-1.1045740124347674,-0.40515139827790914,0
67,262.0,1,-1.0187625383827688,-0.4014991564904927,1
68,262.0,0,-1.2187540452234498,-0.40515139827790914,1
68,262.0,1,-1.0187625383827688,-0.4014991564904927,0
69,262.0,0,-1.2187540452234498,-0.4008685887893625,1
69,262.0,1,-1.124206306371325,-0.3965996607795126,0
70,262.0,0,-1.2187540452234498,-0.40515139827790914,0
70,262.0,1,-1.2032891323627424,-0.39986599125349936,1
71,262.0,0,-1.1045740124347674,-0.4008685887893625,1
71,262.0,1,-1.0187625383827688,-0.3900669998315391,0
72,267.0,0,-0.7620339140687203,-0.4126463148828658,0
72,267.0,1,-0.8869578283970733,-0.4080318174384662,1
73,267.0,0,-0.7620339140687203,-0.4126463148828658,1
73,267.0,1,-0.9924015963856296,-0.4039489043459828,0
74,267.0,0,-0.7620339140687203,-0.4147877196271391,1
74,267.0,1,-1.071484422377047,-0.40639865220147287,0
75,267.0,0,-1.1045740124347674,-0.4147877196271391,0
75,267.0,1,-1.071484422377047,-0.40639865220147287,1
76,267.0,0,-0.9903939796460851,-0.4126463148828658,1
76,267.0,1,-1.071484422377047,-0.4072152348199696,0
77,267.0,0,-0.9903939796460851,-0.4147877196271391,0
77,267.0,1,-0.9924015963856296,-0.4096649826754596,1
78,267.0,0,-0.9903939796460851,-0.4094342077664558,0
78,267.0,1,-1.071484422377047,-0.40639865220147287,1
79,267.0,0,-0.7620339140687203,-0.4094342077664558,0
79,267.0,1,-0.9924015963856296,-0.4039489043459828,1
80,267.0,0,-0.9903939796460851,-0.4126463148828658,1
80,267.0,1,-0.9924015963856296,-0.4039489043459828,0
81,272.0,0,-0.24006804989188665,-0.36232330339244256,0
81,272.0,1,0.43108927145988146,-0.3574036950916716,1
82,272.0,0,-0.7457224808131944,-0.3783838389744925,1
82,272.0,1,0.5101720974512988,-0.37210218222461194,0
83,272.0,0,-0.24006804989188665,-0.3783838389744925,0
83,272.0,1,0.6156158654398551,-0.3696524343691219,1
84,272.0,0,-0.5826081482579337,-0.3783838389744925,0
84,272.0,1,0.6156158654398551,-0.3696524343691219,1
85,272.0,0,-0.5826081482579337,-0.3730303271138092,0
85,272.0,1,0.6156158654398551,-0.3672026865136318,1
86,272.0,0,-0.7457224808131944,-0.3730303271138092,1
86,272.0,1,0.6156158654398551,-0.3672026865136318,0
87,272.0,0,-0.7457224808131944,-0.36232330339244256,1
87,272.0,1,0.5101720974512988,-0.3549539472361815,0
88,272.0,0,-0.7457224808131944,-0.3730303271138092,1
88,272.0,1,0.43108927145988146,-0.3647529386581418,0
89,272.0,0,-0.5826081482579337,-0.36232330339244256,1
89,272.0,1,0.6156158654398551,-0.348421286288208,0
90,305.0,0,1.2442723763609842,2.911884550601478,0
90,305.0,1,2.6190474572224263,2.3373189459473993,1
91,305.0,0,0.8854208447394111,2.911884550601478,0
91,305.0,1,2.539964631231009,2.1250074651382604,1
92,305.0,0,1.9619754396041307,2.911884550601478,0
92,305.0,1,2.7244912252109827,2.9742533883748163,1
93,305.0,0,0.8854208447394111,2.3551193170904123,1
93,305.0,1,2.6190474572224263,2.9742533883748163,0
94,305.0,0,1.9619754396041307,2.0767367003348793,0
94,305.0,1,2.6190474572224263,2.1250074651382604,1
95,305.0,0,1.2442723763609842,2.0767367003348793,0
95,305.0,1,2.539964631231009,2.9742533883748163,1
96,305.0,0,0.8854208447394111,2.911884550601478,1
96,305.0,1,2.7244912252109827,2.9742533883748163,0
97,305.0,0,0.8854208447394111,2.0767367003348793,0
97,305.0,1,2.7244912252109827,2.3373189459473993,1
98,305.0,0,1.9619754396041307,2.3551193170904123,1
98,305.0,1,2.539964631231009,2.3373189459473993,0
99,315.0,0,1.4400095754272968,2.911884550601478,1
99,315.0,1,0.9846690533998025,2.3373189459473993,0
100,315.0,0,1.0648466105501977,2.911884550601478,1
100,315.0,1,0.7737815174226897,2.1250074651382604,0
101,315.0,0,1.0648466105501977,2.3551193170904123,1
101,315.0,1,0.9846690533998025,2.9742533883748163,0
102,315.0,0,2.1903355051814954,2.911884550601478,1
102,315.0,1,1.2482784733711934,2.9742533883748163,0
103,315.0,0,2.1903355051814954,2.0767367003348793,1
103,315.0,1,0.9846690533998025,2.1250074651382604,0
104,315.0,0,1.4400095754272968,2.0767367003348793,1
104,315.0,1,0.7737815174226897,2.9742533883748163,0
105,315.0,0,1.0648466105501977,2.911884550601478,1
105,315.0,1,1.2482784733711934,2.9742533883748163,0
106,315.0,0,1.0648466105501977,2.0767367003348793,1
106,315.0,1,1.2482784733711934,2.3373189459473993,0
107,315.0,0,2.1903355051814954,2.3551193170904123,1
107,315.0,1,0.7737815174226897,2.3373189459473993,0
108,321.0,0,1.6520582077491355,2.3551193170904123,0
108,321.0,1,1.0373909373940806,2.1250074651382604,1
108,321.0,2,0.8513656313161033,-0.6877503803572392,0
109,321.0,0,1.6520582077491355,2.3551193170904123,0
109,321.0,1,0.8265034014169679,2.9742533883748163,0
109,321.0,2,1.5612752065333606,-0.21035223270382142,1
110,321.0,0,1.6520582077491355,2.0767367003348793,0
110,321.0,1,0.6683377494341334,2.9742533883748163,0
110,321.0,2,1.5612752065333606,-0.4967911212958721,1
111,321.0,0,0.6733722124175724,2.0767367003348793,0
111,321.0,1,0.6683377494341334,2.9742533883748163,0
111,321.0,2,0.3780925811712652,-0.21035223270382142,1
112,321.0,0,0.9996008775280935,2.3551193170904123,0
112,321.0,1,0.6683377494341334,2.3373189459473993,1
112,321.0,2,1.5612752065333606,-0.6877503803572392,0
113,321.0,0,0.9996008775280935,2.0767367003348793,1
113,321.0,1,0.8265034014169679,2.1250074651382604,0
113,321.0,2,0.3780925811712652,-0.4967911212958721,0
114,321.0,0,0.9996008775280935,2.911884550601478,0
114,321.0,1,0.6683377494341334,2.1250074651382604,0
114,321.0,2,0.3780925811712652,-0.6877503803572392,1
115,321.0,0,1.6520582077491355,2.911884550601478,0
115,321.0,1,0.8265034014169679,2.3373189459473993,0
115,321.0,2,0.3780925811712652,-0.21035223270382142,1
116,321.0,0,0.9996008775280935,2.3551193170904123,1
116,321.0,1,0.8265034014169679,2.9742533883748163,0
116,321.0,2,0.8513656313161033,-0.4967911212958721,0
117,364.0,0,-0.3216252161695169,-0.25418236380663944,0
117,364.0,1,-1.1505672483684641,-0.2847278420454663,1
118,364.0,0,-0.8435910803463507,-0.29808116106424265,0
118,364.0,1,-1.0187625383827688,-0.3067755727448769,1
119,364.0,0,-0.3216252161695169,-0.29808116106424265,0
119,364.0,1,-0.8605968863999341,-0.30269265965239345,1
120,364.0,0,-0.664165314535564,-0.29808116106424265,0
120,364.0,1,-0.8605968863999341,-0.30269265965239345,1
121,364.0,0,-0.664165314535564,-0.2830913278543294,0
121,364.0,1,-0.8605968863999341,-0.2977931639414133,1
122,364.0,0,-0.8435910803463507,-0.2830913278543294,0
122,364.0,1,-0.8605968863999341,-0.2977931639414133,1
123,364.0,0,-0.8435910803463507,-0.25418236380663944,0
123,364.0,1,-1.0187625383827688,-0.2749288506235061,1
124,364.0,0,-0.8435910803463507,-0.2830913278543294,0
124,364.0,1,-1.1505672483684641,-0.29615999870441995,1
125,364.0,0,-0.664165314535564,-0.25418236380663944,1
125,364.0,1,-0.8605968863999341,-0.2512479546871021,0
126,385.0,0,0.5428807463733639,3.297337404570677,1
126,385.0,1,-0.043407684488622235,2.6557861671611076,0
127,385.0,0,0.2982092475404731,3.297337404570677,0
127,385.0,1,-0.2015733364714568,2.4189772077970684,1
128,385.0,0,1.0485351772946716,3.297337404570677,1
128,385.0,1,0.16747985148849054,3.366213045253227,0
129,385.0,0,0.2982092475404731,2.6763300287314116,1
129,385.0,1,-0.043407684488622235,3.366213045253227,0
130,385.0,0,1.0485351772946716,2.365826340811779,1
130,385.0,1,-0.043407684488622235,2.4189772077970684,0
131,385.0,0,0.5428807463733639,2.365826340811779,1
131,385.0,1,-0.2015733364714568,3.366213045253227,0
132,385.0,0,0.2982092475404731,3.297337404570677,1
132,385.0,1,0.16747985148849054,3.366213045253227,0
133,385.0,0,0.2982092475404731,2.365826340811779,1
133,385.0,1,0.16747985148849054,2.6557861671611076,0
134,385.0,0,1.0485351772946716,2.6763300287314116,1
134,385.0,1,-0.2015733364714568,2.6557861671611076,0
135,393.0,0,-1.4960484105673928,-0.16638476929143292,0
135,393.0,1,-1.2296500743598815,-0.22266756303971802,1
135,393.0,2,-0.7262112025000238,-0.11487260317313787,0
136,393.0,0,-1.4960484105673928,-0.23169761399176947,1
136,393.0,1,-1.124206306371325,-0.20633591066978427,0
136,393.0,2,-0.8839688858816365,-0.38221556585905186,0
137,393.0,0,-1.6591627431226532,-0.23169761399176947,1
137,393.0,1,-1.1769281903656033,-0.22266756303971802,0
137,393.0,2,-0.48957467742760474,-0.38221556585905186,0
138,393.0,0,-1.6102284433560752,-0.23169761399176947,0
138,393.0,1,-1.124206306371325,-0.20633591066978427,1
138,393.0,2,-0.48957467742760474,0.2861418408557331,0
139,393.0,0,-1.6102284433560752,-0.21028356654903618,0
139,393.0,1,-1.124206306371325,-0.22266756303971802,1
139,393.0,2,-0.8839688858816365,0.2861418408557331,0
140,393.0,0,-1.6591627431226532,-0.16638476929143292,0
140,393.0,1,-1.1769281903656033,-0.20633591066978427,1
140,393.0,2,-0.7262112025000238,-0.38221556585905186,0
141,393.0,0,-1.6591627431226532,-0.21028356654903618,0
141,393.0,1,-1.124206306371325,-0.22266756303971802,1
141,393.0,2,-0.48957467742760474,-0.11487260317313787,0
142,393.0,0,-1.6102284433560752,-0.16638476929143292,1
142,393.0,1,-1.124206306371325,-0.15652437094148627,0
142,393.0,2,-0.7262112025000238,0.2861418408557331,0
143,393.0,0,-1.6591627431226532,-0.21028356654903618,0
143,393.0,1,-1.2296500743598815,-0.20633591066978427,1
143,393.0,2,-0.7262112025000238,0.2861418408557331,0
144,455.0,0,-0.1585108836142564,-0.3858787555794492,0
144,455.0,1,-0.5969874664285433,-0.38598408673905565,0
144,455.0,2,0.06257721440803977,-0.38221556585905186,1
145,455.0,0,-0.1585108836142564,-0.3858787555794492,0
145,455.0,1,-0.7551531184113778,-0.37945142579108215,1
145,455.0,2,0.5358502645528779,0.2861418408557331,0
146,455.0,0,-0.1585108836142564,-0.3901615650679958,0
146,455.0,1,-0.8869578283970733,-0.3819011736465722,1
146,455.0,2,0.5358502645528779,-0.11487260317313787,0
147,455.0,0,-0.6804767477910901,-0.3901615650679958,0
147,455.0,1,-0.8869578283970733,-0.3819011736465722,0
147,455.0,2,-0.25293815235518563,0.2861418408557331,1
148,455.0,0,-0.5010509819803035,-0.3858787555794492,0
148,455.0,1,-0.8869578283970733,-0.38516750412055895,0
148,455.0,2,0.5358502645528779,-0.38221556585905186,1
149,455.0,0,-0.5010509819803035,-0.3901615650679958,0
149,455.0,1,-0.7551531184113778,-0.3884338345945457,1
149,455.0,2,-0.25293815235518563,-0.11487260317313787,0
150,455.0,0,-0.5010509819803035,-0.3773131366023558,0
150,455.0,1,-0.8869578283970733,-0.3819011736465722,0
150,455.0,2,-0.25293815235518563,-0.38221556585905186,1
151,455.0,0,-0.1585108836142564,-0.3773131366023558,0
151,455.0,1,-0.7551531184113778,-0.37945142579108215,1
151,455.0,2,-0.25293815235518563,0.2861418408557331,0
152,455.0,0,-0.5010509819803035,-0.3858787555794492,0
152,455.0,1,-0.7551531184113778,-0.37945142579108215,1
152,455.0,2,0.06257721440803977,-0.11487260317313787,0
153,466.0,0,-0.41949381570267325,-0.3216366132512493,0
153,466.0,1,-0.46518275644284773,-0.33862229486624773,0
153,466.0,2,-0.20035225789464808,-0.305831862234505,1
154,466.0,0,-0.8599025136018766,-0.3484041725546659,0
154,466.0,1,-0.3860999304514305,-0.35250419938069144,1
154,466.0,2,0.1940419505593837,-0.5349829731081456,0
155,466.0,0,-0.41949381570267325,-0.3484041725546659,0
155,466.0,1,-0.28065616246287406,-0.34923786890670466,0
155,466.0,2,-0.46328173019733593,-0.5349829731081456,1
156,466.0,0,-0.7130996143021422,-0.3484041725546659,0
156,466.0,1,-0.28065616246287406,-0.34923786890670466,1
156,466.0,2,0.1940419505593837,0.03789480407595583,0
157,466.0,0,-0.7130996143021422,-0.3398385535775726,0
157,466.0,1,-0.28065616246287406,-0.348421286288208,0
157,466.0,2,-0.46328173019733593,0.03789480407595583,1
158,466.0,0,-0.8599025136018766,-0.3398385535775726,0
158,466.0,1,-0.28065616246287406,-0.348421286288208,1
158,466.0,2,0.1940419505593837,-0.305831862234505,0
159,466.0,0,-0.8599025136018766,-0.3216366132512493,0
159,466.0,1,-0.3860999304514305,-0.3345393817737643,0
159,466.0,2,-0.20035225789464808,-0.5349829731081456,1
160,466.0,0,-0.8599025136018766,-0.3398385535775726,0
160,466.0,1,-0.46518275644284773,-0.34515495581422123,0
160,466.0,2,-0.20035225789464808,0.03789480407595583,1
161,466.0,0,-0.7130996143021422,-0.3216366132512493,0
161,466.0,1,-0.28065616246287406,-0.322290642496314,0
161,466.0,2,-0.20035225789464808,0.03789480407595583,1
162,470.0,0,0.5428807463733639,-0.28630343497073935,0
162,470.0,1,0.08839702549707325,-0.3010594944154001,1
162,470.0,2,1.3903710495366135,1.1263625807257485,0
163,470.0,0,0.24927494777389497,-0.28630343497073935,0
163,470.0,1,-0.06976862648576132,-0.3051424075078835,1
163,470.0,2,1.3903710495366135,1.890199616971217,0
164,470.0,0,1.1300923435723018,-0.28630343497073935,0
164,470.0,1,0.29928456147418603,-0.28227809418997624,1
164,470.0,2,1.3903710495366135,0.6107725812600572,0
165,470.0,0,0.24927494777389497,-0.30985888715774595,0
165,470.0,1,0.08839702549707325,-0.3010594944154001,1
165,470.0,2,0.27292079225019006,0.6107725812600572,0
166,470.0,0,1.1300923435723018,-0.3216366132512493,0
166,470.0,1,0.08839702549707325,-0.32963988606278416,1
166,470.0,2,0.7199008951647594,1.890199616971217,0
167,470.0,0,0.5428807463733639,-0.3216366132512493,0
167,470.0,1,-0.06976862648576132,-0.30922532060036695,1
167,470.0,2,0.7199008951647594,0.6107725812600572,0
168,470.0,0,0.24927494777389497,-0.28630343497073935,0
168,470.0,1,0.29928456147418603,-0.28227809418997624,0
168,470.0,2,0.27292079225019006,1.1263625807257485,1
169,470.0,0,0.24927494777389497,-0.3216366132512493,0
169,470.0,1,0.29928456147418603,-0.322290642496314,0
169,470.0,2,0.7199008951647594,1.1263625807257485,1
170,470.0,0,1.1300923435723018,-0.30985888715774595,0
170,470.0,1,-0.06976862648576132,-0.3149413989298438,1
170,470.0,2,0.27292079225019006,1.1263625807257485,0
171,506.0,0,2.647055636336225,-0.19529373333912287,0
171,506.0,1,2.4345208632424526,-0.22920022398769152,0
171,506.0,2,1.3772245759214792,0.3052377667618698,1
172,506.0,0,2.647055636336225,-0.19529373333912287,0
172,506.0,1,2.22363332726534,-0.19327058877383724,1
172,506.0,2,2.244891834520349,1.3937055434116623,0
173,506.0,0,2.647055636336225,-0.2188491855261295,0
173,506.0,1,2.0654676752825054,-0.20551932805128756,1
173,506.0,2,2.244891834520349,0.7444440626030142,0
174,506.0,0,1.3421409758941405,-0.2188491855261295,0
174,506.0,1,2.0654676752825054,-0.20551932805128756,0
174,506.0,2,0.7987797368555658,1.3937055434116623,1
175,506.0,0,1.782549673793344,-0.19529373333912287,0
175,506.0,1,2.0654676752825054,-0.22266756303971802,0
175,506.0,2,2.244891834520349,0.3052377667618698,1
176,506.0,0,1.782549673793344,-0.2188491855261295,0
176,506.0,1,2.22363332726534,-0.2447152937391286,0
176,506.0,2,0.7987797368555658,0.7444440626030142,1
177,506.0,0,1.782549673793344,-0.14818282896510962,0
177,506.0,1,2.0654676752825054,-0.19898666710331406,0
177,506.0,2,0.7987797368555658,0.3052377667618698,1
178,506.0,0,2.647055636336225,-0.14818282896510962,0
178,506.0,1,2.22363332726534,-0.19327058877383724,0
178,506.0,2,0.7987797368555658,1.3937055434116623,1
179,506.0,0,1.782549673793344,-0.19529373333912287,0
179,506.0,1,2.22363332726534,-0.19327058877383724,0
179,506.0,2,1.3772245759214792,0.7444440626030142,1
180,545.0,0,-0.4847395487247774,-0.39444437455654247,0
180,545.0,1,-0.6233484084256823,-0.3917001650685325,0
180,545.0,2,-0.331816994045992,-0.6113666767326924,1
181,545.0,0,-0.4847395487247774,-0.39444437455654247,0
181,545.0,1,-0.7287921764142387,-0.38598408673905565,1
181,545.0,2,0.023137793562636597,-0.09577667726700116,0
182,545.0,0,-0.4847395487247774,-0.3976564816729525,0
182,545.0,1,-0.807875002405656,-0.3884338345945457,1
182,545.0,2,0.023137793562636597,-0.40131149176518854,0
183,545.0,0,-1.006705412901611,-0.3976564816729525,1
183,545.0,1,-0.807875002405656,-0.3884338345945457,0
183,545.0,2,-0.5684535191184111,-0.09577667726700116,0
184,545.0,0,-0.8272796470908246,-0.39444437455654247,0
184,545.0,1,-0.807875002405656,-0.3900669998315391,1
184,545.0,2,0.023137793562636597,-0.6113666767326924,0
185,545.0,0,-0.8272796470908246,-0.3976564816729525,0
185,545.0,1,-0.7287921764142387,-0.3949664955425192,0
185,545.0,2,-0.5684535191184111,-0.40131149176518854,1
186,545.0,0,-0.8272796470908246,-0.3880201603237225,0
186,545.0,1,-0.807875002405656,-0.387617251976049,0
186,545.0,2,-0.5684535191184111,-0.6113666767326924,1
187,545.0,0,-0.4847395487247774,-0.3880201603237225,0
187,545.0,1,-0.7287921764142387,-0.38598408673905565,1
187,545.0,2,-0.5684535191184111,-0.09577667726700116,0
188,545.0,0,-0.8272796470908246,-0.39444437455654247,1
188,545.0,1,-0.7287921764142387,-0.38598408673905565,0
188,545.0,2,-0.331816994045992,-0.40131149176518854,0
189,593.0,0,0.020914882196530215,-0.32591942273979596,0
189,593.0,1,-0.09612956848290043,-0.3418886253402345,0
189,593.0,2,-0.20035225789464808,-0.305831862234505,1
190,593.0,0,-0.5989195815134598,-0.3516162796710759,0
190,593.0,1,-0.017046742491483136,-0.3549539472361815,1
190,593.0,2,0.1940419505593837,-0.5349829731081456,0
191,593.0,0,0.020914882196530215,-0.3516162796710759,0
191,593.0,1,0.08839702549707325,-0.35250419938069144,0
191,593.0,2,-0.46328173019733593,-0.5349829731081456,1
192,593.0,0,-0.3868709491916211,-0.3516162796710759,0
192,593.0,1,0.08839702549707325,-0.35250419938069144,1
192,593.0,2,0.1940419505593837,0.03789480407595583,0
193,593.0,0,-0.3868709491916211,-0.3430506606939826,0
193,593.0,1,0.08839702549707325,-0.34923786890670466,0
193,593.0,2,-0.46328173019733593,0.03789480407595583,1
194,593.0,0,-0.5989195815134598,-0.3430506606939826,0
194,593.0,1,0.08839702549707325,-0.34923786890670466,1
194,593.0,2,0.1940419505593837,-0.305831862234505,0
195,593.0,0,-0.5989195815134598,-0.32591942273979596,0
195,593.0,1,-0.017046742491483136,-0.33617254701075766,0
195,593.0,2,-0.20035225789464808,-0.5349829731081456,1
196,593.0,0,-0.5989195815134598,-0.3430506606939826,0
196,593.0,1,-0.09612956848290043,-0.34515495581422123,1
196,593.0,2,-0.20035225789464808,0.03789480407595583,0
197,593.0,0,-0.3868709491916211,-0.32591942273979596,0
197,593.0,1,0.08839702549707325,-0.322290642496314,0
197,593.0,2,-0.20035225789464808,0.03789480407595583,1
198,610.0,0,-0.20744518338083454,-0.3430506606939826,0
198,610.0,1,-0.2015733364714568,-0.34923786890670466,0
198,610.0,2,-0.20035225789464808,-0.5349829731081456,1
199,610.0,0,-0.20744518338083454,-0.3430506606939826,0
199,610.0,1,-0.3070171044600132,-0.33862229486624773,0
199,610.0,2,0.1940419505593837,0.03789480407595583,1
200,610.0,0,-0.20744518338083454,-0.3516162796710759,0
200,610.0,1,-0.3860999304514305,-0.34270520795873116,0
200,610.0,2,0.1940419505593837,-0.305831862234505,1
201,610.0,0,-0.7457224808131944,-0.3516162796710759,0
201,610.0,1,-0.3860999304514305,-0.34270520795873116,0
201,610.0,2,-0.46328173019733593,0.03789480407595583,1
202,610.0,0,-0.5662967150024077,-0.3430506606939826,0
202,610.0,1,-0.3860999304514305,-0.348421286288208,0
202,610.0,2,0.1940419505593837,-0.5349829731081456,1
203,610.0,0,-0.5662967150024077,-0.3516162796710759,0
203,610.0,1,-0.3070171044600132,-0.3549539472361815,0
203,610.0,2,-0.46328173019733593,-0.305831862234505,1
204,610.0,0,-0.5662967150024077,-0.32591942273979596,0
204,610.0,1,-0.3860999304514305,-0.34270520795873116,0
204,610.0,2,-0.46328173019733593,-0.5349829731081456,1
205,610.0,0,-0.20744518338083454,-0.32591942273979596,0
205,610.0,1,-0.3070171044600132,-0.33862229486624773,0
205,610.0,2,-0.46328173019733593,0.03789480407595583,1
206,610.0,0,-0.5662967150024077,-0.3430506606939826,0
206,610.0,1,-0.3070171044600132,-0.33862229486624773,0
206,610.0,2,-0.20035225789464808,-0.305831862234505,1
207,643.0,0,0.5265693131178378,-0.3366264464611626,0
207,643.0,1,0.9055862274083852,-0.34515495581422123,0
207,643.0,2,-0.06888752174330415,-0.4585992694835987,1
208,643.0,0,0.5265693131178378,-0.3366264464611626,0
208,643.0,1,0.8001424594198288,-0.33208963391827423,1
208,643.0,2,0.3649461075561308,0.1524703595127761,0
209,643.0,0,0.5265693131178378,-0.34626276781039256,1
209,643.0,1,0.7210596334284115,-0.33862229486624773,0
209,643.0,2,0.3649461075561308,-0.21035223270382142,0
210,643.0,0,-0.2237566166363606,-0.34626276781039256,0
210,643.0,1,0.7210596334284115,-0.33862229486624773,1
210,643.0,2,-0.3581099412762608,0.1524703595127761,0
211,643.0,0,0.020914882196530215,-0.3366264464611626,0
211,643.0,1,0.7210596334284115,-0.34270520795873116,1
211,643.0,2,0.3649461075561308,-0.4585992694835987,0
212,643.0,0,0.020914882196530215,-0.34626276781039256,0
212,643.0,1,0.8001424594198288,-0.34923786890670466,1
212,643.0,2,-0.3581099412762608,-0.21035223270382142,0
213,643.0,0,0.020914882196530215,-0.3184245061348393,0
213,643.0,1,0.7210596334284115,-0.33617254701075766,0
213,643.0,2,-0.3581099412762608,-0.4585992694835987,1
214,643.0,0,0.5265693131178378,-0.3184245061348393,0
214,643.0,1,0.8001424594198288,-0.33208963391827423,1
214,643.0,2,-0.3581099412762608,0.1524703595127761,0
215,643.0,0,0.020914882196530215,-0.3366264464611626,0
215,643.0,1,0.8001424594198288,-0.33208963391827423,0
215,643.0,2,-0.06888752174330415,-0.21035223270382142,1
216,661.0,0,2.9406614349356937,-0.2723843041329627,0
216,661.0,1,0.16747985148849054,-0.2879941725194531,1
216,661.0,2,2.0345482566781987,1.7947199874405333,0
217,661.0,0,1.6520582077491355,-0.31092958952988264,0
217,661.0,1,0.4574502134570206,-0.3141248163113471,1
217,661.0,2,3.0994126195040845,1.1454585066318852,0
218,661.0,0,2.9406614349356937,-0.31092958952988264,0
218,661.0,1,0.8265034014169679,-0.31085848583736037,1
218,661.0,2,1.3246386814609414,1.1454585066318852,0
219,661.0,0,2.076155472392813,-0.31092958952988264,0
219,661.0,1,0.8265034014169679,-0.31085848583736037,1
219,661.0,2,3.0994126195040845,2.7686122086535057,0
220,661.0,0,2.076155472392813,-0.29808116106424265,0
220,661.0,1,0.8265034014169679,-0.3084087379818703,1
220,661.0,2,1.3246386814609414,2.7686122086535057,0
221,661.0,0,1.6520582077491355,-0.29808116106424265,0
221,661.0,1,0.8265034014169679,-0.3084087379818703,1
221,661.0,2,3.0994126195040845,1.7947199874405333,0
222,661.0,0,1.6520582077491355,-0.2723843041329627,0
222,661.0,1,0.4574502134570206,-0.2806449289529829,1
222,661.0,2,2.0345482566781987,1.1454585066318852,0
223,661.0,0,1.6520582077491355,-0.29808116106424265,0
223,661.0,1,0.16747985148849054,-0.3002429117969034,1
223,661.0,2,2.0345482566781987,2.7686122086535057,0
224,661.0,0,2.076155472392813,-0.2723843041329627,0
224,661.0,1,0.8265034014169679,-0.25369770254259216,1
224,661.0,2,2.0345482566781987,2.7686122086535057,0
225,668.0,0,-1.0393282794126633,-0.3516162796710759,0
225,668.0,1,-1.071484422377047,-0.3541373646176848,0
225,668.0,2,0.023137793562636597,-0.305831862234505,1
226,668.0,0,-1.1535083122013456,-0.3516162796710759,0
226,668.0,1,-1.1505672483684641,-0.35903686032866494,1
226,668.0,2,0.023137793562636597,0.03789480407595583,0
227,668.0,0,-0.8109682138352985,-0.3516162796710759,0
227,668.0,1,-0.9660406543884905,-0.34597153843271794,0
227,668.0,2,0.023137793562636597,-0.5349829731081456,1
228,668.0,0,-1.1535083122013456,-0.3644647081367159,0
228,668.0,1,-1.071484422377047,-0.3541373646176848,0
228,668.0,2,-0.5684535191184111,-0.5349829731081456,1
229,668.0,0,-0.8109682138352985,-0.37088892236953586,0
229,668.0,1,-1.071484422377047,-0.3696524343691219,1
229,668.0,2,-0.331816994045992,0.03789480407595583,0
230,668.0,0,-1.0393282794126633,-0.37088892236953586,1
230,668.0,1,-1.1505672483684641,-0.35903686032866494,0
230,668.0,2,-0.331816994045992,-0.5349829731081456,0
231,668.0,0,-1.1535083122013456,-0.3516162796710759,0
231,668.0,1,-0.9660406543884905,-0.34597153843271794,0
231,668.0,2,-0.5684535191184111,-0.305831862234505,1
232,668.0,0,-1.1535083122013456,-0.37088892236953586,0
232,668.0,1,-0.9660406543884905,-0.3672026865136318,1
232,668.0,2,-0.331816994045992,-0.305831862234505,0
233,668.0,0,-0.8109682138352985,-0.3644647081367159,0
233,668.0,1,-1.1505672483684641,-0.3623031908026517,1
233,668.0,2,-0.5684535191184111,-0.305831862234505,0
234,700.0,0,0.36345498056257736,-0.3280608274840693,0
234,700.0,1,0.5101720974512988,-0.34597153843271794,1
234,700.0,2,0.32550668671072763,-0.019392973642454306,0
235,700.0,0,-0.20744518338083454,-0.3537576844153492,0
235,700.0,1,0.589254923442716,-0.35658711247317487,1
235,700.0,2,0.8776585785463722,-0.305831862234505,0
236,700.0,0,0.36345498056257736,-0.3537576844153492,0
236,700.0,1,0.6946986914312724,-0.3541373646176848,0
236,700.0,2,-0.04259457451303537,-0.305831862234505,1
237,700.0,0,-0.011707984314521894,-0.3537576844153492,0
237,700.0,1,0.6946986914312724,-0.3541373646176848,1
237,700.0,2,0.8776585785463722,0.4007173962925534,0
238,700.0,0,-0.011707984314521894,-0.3451920654382559,0
238,700.0,1,0.6946986914312724,-0.3541373646176848,0
238,700.0,2,-0.04259457451303537,0.4007173962925534,1
239,700.0,0,-0.20744518338083454,-0.3451920654382559,0
239,700.0,1,0.6946986914312724,-0.3541373646176848,1
239,700.0,2,0.8776585785463722,-0.019392973642454306,0
240,700.0,0,-0.20744518338083454,-0.3280608274840693,0
240,700.0,1,0.589254923442716,-0.3418886253402345,1
240,700.0,2,0.32550668671072763,-0.305831862234505,0
241,700.0,0,-0.20744518338083454,-0.3451920654382559,0
241,700.0,1,0.5101720974512988,-0.3508710341436981,1
241,700.0,2,0.32550668671072763,0.4007173962925534,0
242,700.0,0,-0.011707984314521894,-0.3280608274840693,0
242,700.0,1,0.6946986914312724,-0.3312730512997776,1
242,700.0,2,0.32550668671072763,0.4007173962925534,0
243,701.0,0,0.11878348172968653,-0.3205659108791126,0
243,701.0,1,0.8001424594198288,-0.3337227991552676,1
243,701.0,2,0.8776585785463722,0.4580051740109635,0
244,701.0,0,-0.12588801710320427,-0.3205659108791126,0
244,701.0,1,0.7210596334284115,-0.3337227991552676,1
244,701.0,2,0.8776585785463722,1.0308829511950648,0
245,701.0,0,0.6244379126509942,-0.3205659108791126,0
245,701.0,1,0.9055862274083852,-0.32310722511481066,0
245,701.0,2,0.8776585785463722,0.07608665588822926,1
246,701.0,0,-0.12588801710320427,-0.3387678512054359,0
246,701.0,1,0.8001424594198288,-0.3337227991552676,0
246,701.0,2,-0.04259457451303537,0.07608665588822926,1
247,701.0,0,0.6244379126509942,-0.34733347018252925,0
247,701.0,1,0.8001424594198288,-0.3508710341436981,1
247,701.0,2,0.32550668671072763,1.0308829511950648,0
248,701.0,0,0.11878348172968653,-0.34733347018252925,0
248,701.0,1,0.7210596334284115,-0.3418886253402345,0
248,701.0,2,0.32550668671072763,0.07608665588822926,1
249,701.0,0,-0.12588801710320427,-0.3205659108791126,0
249,701.0,1,0.9055862274083852,-0.32310722511481066,0
249,701.0,2,-0.04259457451303537,0.4580051740109635,1
250,701.0,0,-0.12588801710320427,-0.34733347018252925,0
250,701.0,1,0.9055862274083852,-0.34923786890670466,0
250,701.0,2,0.32550668671072763,0.4580051740109635,1
251,701.0,0,0.6244379126509942,-0.3387678512054359,0
251,701.0,1,0.7210596334284115,-0.34352179057722787,0
251,701.0,2,-0.04259457451303537,0.4580051740109635,1
252,705.0,0,-0.8109682138352985,-0.3644647081367159,0
252,705.0,1,-0.9660406543884905,-0.3647529386581418,1
252,705.0,2,-0.331816994045992,-0.5349829731081456,0
253,705.0,0,-0.8109682138352985,-0.3644647081367159,0
253,705.0,1,-1.071484422377047,-0.3541373646176848,1
253,705.0,2,0.023137793562636597,0.03789480407595583,0
254,705.0,0,-0.8109682138352985,-0.37088892236953586,0
254,705.0,1,-1.1505672483684641,-0.35903686032866494,1
254,705.0,2,0.023137793562636597,-0.305831862234505,0
255,705.0,0,-1.1535083122013456,-0.37088892236953586,1
255,705.0,1,-1.1505672483684641,-0.35903686032866494,0
255,705.0,2,-0.5684535191184111,0.03789480407595583,0
256,705.0,0,-1.0393282794126633,-0.3644647081367159,0
256,705.0,1,-1.1505672483684641,-0.3623031908026517,1
256,705.0,2,0.023137793562636597,-0.5349829731081456,0
257,705.0,0,-1.0393282794126633,-0.37088892236953586,0
257,705.0,1,-1.071484422377047,-0.3696524343691219,1
257,705.0,2,-0.5684535191184111,-0.305831862234505,0
258,705.0,0,-1.0393282794126633,-0.3516162796710759,0
258,705.0,1,-1.1505672483684641,-0.35903686032866494,0
258,705.0,2,-0.5684535191184111,-0.5349829731081456,1
259,705.0,0,-0.8109682138352985,-0.3516162796710759,0
259,705.0,1,-1.071484422377047,-0.3541373646176848,1
259,705.0,2,-0.5684535191184111,0.03789480407595583,0
260,705.0,0,-1.0393282794126633,-0.3644647081367159,1
260,705.0,1,-1.071484422377047,-0.3541373646176848,0
260,705.0,2,-0.331816994045992,-0.305831862234505,0
261,707.0,0,-0.24006804989188665,-0.3409092559497093,0
261,707.0,1,-0.28065616246287406,-0.3541373646176848,1
261,707.0,2,-0.20035225789464808,-0.305831862234505,0
262,707.0,0,-0.7783453473242464,-0.3633940057645792,0
262,707.0,1,-0.2015733364714568,-0.3647529386581418,1
262,707.0,2,0.1940419505593837,-0.5349829731081456,0
263,707.0,0,-0.24006804989188665,-0.3633940057645792,0
263,707.0,1,-0.09612956848290043,-0.3623031908026517,1
263,707.0,2,-0.46328173019733593,-0.5349829731081456,0
264,707.0,0,-0.5989195815134598,-0.3633940057645792,0
264,707.0,1,-0.09612956848290043,-0.3623031908026517,1
264,707.0,2,0.1940419505593837,0.03789480407595583,0
265,707.0,0,-0.5989195815134598,-0.35589908915962254,0
265,707.0,1,-0.09612956848290043,-0.3606700255656583,0
265,707.0,2,-0.46328173019733593,0.03789480407595583,1
266,707.0,0,-0.7783453473242464,-0.35589908915962254,0
266,707.0,1,-0.09612956848290043,-0.3606700255656583,1
266,707.0,2,0.1940419505593837,-0.305831862234505,0
267,707.0,0,-0.7783453473242464,-0.3409092559497093,0
267,707.0,1,-0.2015733364714568,-0.3508710341436981,1
267,707.0,2,-0.20035225789464808,-0.5349829731081456,0
268,707.0,0,-0.7783453473242464,-0.35589908915962254,0
268,707.0,1,-0.28065616246287406,-0.35903686032866494,1
268,707.0,2,-0.20035225789464808,0.03789480407595583,0
269,707.0,0,-0.5989195815134598,-0.3409092559497093,0
269,707.0,1,-0.09612956848290043,-0.3418886253402345,1
269,707.0,2,-0.20035225789464808,0.03789480407595583,0
270,732.0,0,-0.060642284081100055,-0.33769714883329927,0
270,732.0,1,-0.043407684488622235,-0.3508710341436981,1
270,732.0,2,0.06257721440803977,-0.019392973642454306,0
271,732.0,0,-0.647853881280038,-0.36018189864816924,0
271,732.0,1,0.035675141502795056,-0.3623031908026517,1
271,732.0,2,0.5358502645528779,-0.305831862234505,0
272,732.0,0,-0.060642284081100055,-0.36018189864816924,0
272,732.0,1,0.14111890949135145,-0.3606700255656583,0
272,732.0,2,-0.25293815235518563,-0.305831862234505,1
273,732.0,0,-0.45211668221372536,-0.36018189864816924,0
273,732.0,1,0.14111890949135145,-0.3606700255656583,1
273,732.0,2,0.5358502645528779,0.4007173962925534,0
274,732.0,0,-0.45211668221372536,-0.3526869820432126,0
274,732.0,1,0.14111890949135145,-0.35903686032866494,0
274,732.0,2,-0.25293815235518563,0.4007173962925534,1
275,732.0,0,-0.647853881280038,-0.3526869820432126,0
275,732.0,1,0.14111890949135145,-0.35903686032866494,1
275,732.0,2,0.5358502645528779,-0.019392973642454306,0
276,732.0,0,-0.647853881280038,-0.33769714883329927,0
276,732.0,1,0.035675141502795056,-0.3476047036697113,1
276,732.0,2,0.06257721440803977,-0.305831862234505,0
277,732.0,0,-0.647853881280038,-0.3526869820432126,0
277,732.0,1,-0.043407684488622235,-0.35658711247317487,1
277,732.0,2,0.06257721440803977,0.4007173962925534,0
278,732.0,0,-0.45211668221372536,-0.33769714883329927,0
278,732.0,1,0.14111890949135145,-0.33698912962925437,1
278,732.0,2,0.06257721440803977,0.4007173962925534,0
279,746.0,0,2.076155472392813,-0.293798351575696,0
279,746.0,1,0.4047283294627424,-0.30350924227089016,0
279,746.0,2,1.245759839770135,1.1263625807257485,1
280,746.0,0,0.9996008775280935,-0.3280608274840693,0
280,746.0,1,0.6419768074369943,-0.32637355558879744,1
280,746.0,2,2.073987677523602,0.6107725812600572,0
281,746.0,0,2.076155472392813,-0.3280608274840693,0
281,746.0,1,0.9583081114026634,-0.32310722511481066,0
281,746.0,2,0.6936079479344907,0.6107725812600572,1
282,746.0,0,1.3584524091496666,-0.3280608274840693,0
282,746.0,1,0.9583081114026634,-0.32310722511481066,1
282,746.0,2,2.073987677523602,1.890199616971217,0
283,746.0,0,1.3584524091496666,-0.316283101390566,0
283,746.0,1,0.9583081114026634,-0.3190243120223272,0
283,746.0,2,0.6936079479344907,1.890199616971217,1
284,746.0,0,0.9996008775280935,-0.316283101390566,1
284,746.0,1,0.9583081114026634,-0.3190243120223272,0
284,746.0,2,2.073987677523602,1.1263625807257485,0
285,746.0,0,0.9996008775280935,-0.293798351575696,0
285,746.0,1,0.6419768074369943,-0.29615999870441995,1
285,746.0,2,1.245759839770135,0.6107725812600572,0
286,746.0,0,0.9996008775280935,-0.316283101390566,0
286,746.0,1,0.4047283294627424,-0.3141248163113471,1
286,746.0,2,1.245759839770135,1.890199616971217,0
287,746.0,0,1.3584524091496666,-0.293798351575696,1
287,746.0,1,0.9583081114026634,-0.27737859847899615,0
287,746.0,2,1.245759839770135,1.890199616971217,0
288,749.0,0,-1.0393282794126633,-0.3516162796710759,0
288,749.0,1,-1.071484422377047,-0.3541373646176848,1
288,749.0,2,-0.1477663634341105,-0.4967911212958721,0
289,749.0,0,-1.1535083122013456,-0.3516162796710759,0
289,749.0,1,-1.1505672483684641,-0.35903686032866494,1
289,749.0,2,-0.1477663634341105,-0.21035223270382142,0
290,749.0,0,-0.8109682138352985,-0.3516162796710759,0
290,749.0,1,-0.9660406543884905,-0.34597153843271794,0
290,749.0,2,-0.1477663634341105,-0.6877503803572392,1
291,749.0,0,-1.1535083122013456,-0.3644647081367159,0
291,749.0,1,-1.071484422377047,-0.3541373646176848,0
291,749.0,2,-0.6736253080394863,-0.6877503803572392,1
292,749.0,0,-0.8109682138352985,-0.37088892236953586,0
292,749.0,1,-1.071484422377047,-0.3696524343691219,1
292,749.0,2,-0.46328173019733593,-0.21035223270382142,0
293,749.0,0,-1.0393282794126633,-0.37088892236953586,0
293,749.0,1,-1.1505672483684641,-0.35903686032866494,1
293,749.0,2,-0.46328173019733593,-0.6877503803572392,0
294,749.0,0,-1.1535083122013456,-0.3516162796710759,0
294,749.0,1,-0.9660406543884905,-0.34597153843271794,0
294,749.0,2,-0.6736253080394863,-0.4967911212958721,1
295,749.0,0,-1.1535083122013456,-0.37088892236953586,0
295,749.0,1,-0.9660406543884905,-0.3672026865136318,1
295,749.0,2,-0.46328173019733593,-0.4967911212958721,0
296,749.0,0,-0.8109682138352985,-0.3644647081367159,0
296,749.0,1,-1.1505672483684641,-0.3623031908026517,1
296,749.0,2,-0.6736253080394863,-0.4967911212958721,0
297,769.0,0,0.10247204847416048,-0.3280608274840693,0
297,769.0,1,0.22020173548276872,-0.33698912962925437,1
297,769.0,2,1.0485627355431193,0.7444440626030142,0
298,769.0,0,-0.12588801710320427,-0.3280608274840693,0
298,769.0,1,0.08839702549707325,-0.34352179057722787,1
298,769.0,2,1.0485627355431193,1.3937055434116623,0
299,769.0,0,0.5755036128844161,-0.3280608274840693,0
299,769.0,1,0.3783673874656033,-0.3312730512997776,1
299,769.0,2,1.0485627355431193,0.3052377667618698,0
300,769.0,0,-0.12588801710320427,-0.3451920654382559,0
300,769.0,1,0.22020173548276872,-0.3418886253402345,0
300,769.0,2,0.06257721440803977,0.3052377667618698,1
301,769.0,0,0.5755036128844161,-0.3537576844153492,0
301,769.0,1,0.22020173548276872,-0.35658711247317487,1
301,769.0,2,0.4569714228620716,1.3937055434116623,0
302,769.0,0,0.10247204847416048,-0.3537576844153492,0
302,769.0,1,0.08839702549707325,-0.3476047036697113,1
302,769.0,2,0.4569714228620716,0.3052377667618698,0
303,769.0,0,-0.12588801710320427,-0.3280608274840693,0
303,769.0,1,0.3783673874656033,-0.3312730512997776,0
303,769.0,2,0.06257721440803977,0.7444440626030142,1
304,769.0,0,-0.12588801710320427,-0.3537576844153492,0
304,769.0,1,0.3783673874656033,-0.3541373646176848,1
304,769.0,2,0.4569714228620716,0.7444440626030142,0
305,769.0,0,0.5755036128844161,-0.3451920654382559,0
305,769.0,1,0.08839702549707325,-0.34923786890670466,1
305,769.0,2,0.06257721440803977,0.7444440626030142,0
306,774.0,0,1.2279609431054581,-0.32484872036765927,0
306,774.0,1,0.4574502134570206,-0.3337227991552676,1
306,774.0,2,0.8513656313161033,0.3052377667618698,0
307,774.0,0,1.2279609431054581,-0.32484872036765927,0
307,774.0,1,0.24656267747990782,-0.3141248163113471,1
307,774.0,2,1.5612752065333606,1.3937055434116623,0
308,774.0,0,1.2279609431054581,-0.33555574408902594,0
308,774.0,1,0.08839702549707325,-0.32310722511481066,1
308,774.0,2,1.5612752065333606,0.7444440626030142,0
309,774.0,0,0.34714354730705127,-0.33555574408902594,0
309,774.0,1,0.08839702549707325,-0.32310722511481066,0
309,774.0,2,0.3780925811712652,1.3937055434116623,1
310,774.0,0,0.6407493459065202,-0.32484872036765927,0
310,774.0,1,0.08839702549707325,-0.3312730512997776,1
310,774.0,2,1.5612752065333606,0.3052377667618698,0
311,774.0,0,0.6407493459065202,-0.33555574408902594,0
311,774.0,1,0.24656267747990782,-0.3418886253402345,0
311,774.0,2,0.3780925811712652,0.7444440626030142,1
312,774.0,0,0.6407493459065202,-0.3045053752970627,0
312,774.0,1,0.08839702549707325,-0.32310722511481066,0
312,774.0,2,0.3780925811712652,0.3052377667618698,1
313,774.0,0,1.2279609431054581,-0.3045053752970627,0
313,774.0,1,0.24656267747990782,-0.3141248163113471,0
313,774.0,2,0.3780925811712652,1.3937055434116623,1
314,774.0,0,0.6407493459065202,-0.32484872036765927,0
314,774.0,1,0.24656267747990782,-0.3141248163113471,1
314,774.0,2,0.8513656313161033,0.7444440626030142,0
315,778.0,0,1.3421409758941405,-0.31092958952988264,0
315,778.0,1,0.08839702549707325,-0.32637355558879744,1
315,778.0,2,0.7199008951647594,0.7444440626030142,0
316,778.0,0,0.4123892803291555,-0.3398385535775726,0
316,778.0,1,0.24656267747990782,-0.34597153843271794,1
316,778.0,2,1.3903710495366135,0.3052377667618698,0
317,778.0,0,1.3421409758941405,-0.3398385535775726,0
317,778.0,1,0.4574502134570206,-0.3418886253402345,1
317,778.0,2,0.27292079225019006,0.3052377667618698,0
318,778.0,0,0.7223065121841505,-0.3398385535775726,0
318,778.0,1,0.4574502134570206,-0.3418886253402345,1
318,778.0,2,1.3903710495366135,1.3937055434116623,0
319,778.0,0,0.7223065121841505,-0.3302022322283426,0
319,778.0,1,0.4574502134570206,-0.33698912962925437,1
319,778.0,2,0.27292079225019006,1.3937055434116623,0
320,778.0,0,0.4123892803291555,-0.3302022322283426,0
320,778.0,1,0.4574502134570206,-0.33698912962925437,1
320,778.0,2,1.3903710495366135,0.7444440626030142,0
321,778.0,0,0.4123892803291555,-0.31092958952988264,0
321,778.0,1,0.24656267747990782,-0.32310722511481066,1
321,778.0,2,0.7199008951647594,0.3052377667618698,0
322,778.0,0,0.4123892803291555,-0.3302022322283426,0
322,778.0,1,0.08839702549707325,-0.3337227991552676,1
322,778.0,2,0.7199008951647594,1.3937055434116623,0
323,778.0,0,0.7223065121841505,-0.31092958952988264,0
323,778.0,1,0.4574502134570206,-0.30350924227089016,1
323,778.0,2,0.7199008951647594,1.3937055434116623,0
324,802.0,0,1.5868124747270314,-0.316283101390566,0
324,802.0,1,0.5365330394484379,-0.32637355558879744,1
324,802.0,2,1.3772245759214792,0.9926910993827914,0
325,802.0,0,1.5868124747270314,-0.316283101390566,0
325,802.0,1,0.2729236194770469,-0.30350924227089016,1
325,802.0,2,2.244891834520349,2.5203651718737285,0
326,802.0,0,1.5868124747270314,-0.3280608274840693,0
326,802.0,1,0.06203608349993415,-0.31085848583736037,1
326,802.0,2,2.244891834520349,1.6037607283791662,0
327,802.0,0,0.6081264793954682,-0.3280608274840693,0
327,802.0,1,0.06203608349993415,-0.31085848583736037,1
327,802.0,2,0.7987797368555658,2.5203651718737285,0
328,802.0,0,0.9343551445059892,-0.316283101390566,0
328,802.0,1,0.06203608349993415,-0.3190243120223272,1
328,802.0,2,2.244891834520349,0.9926910993827914,0
329,802.0,0,0.9343551445059892,-0.3280608274840693,0
329,802.0,1,0.2729236194770469,-0.3337227991552676,1
329,802.0,2,0.7987797368555658,1.6037607283791662,0
330,802.0,0,0.9343551445059892,-0.293798351575696,0
330,802.0,1,0.06203608349993415,-0.31085848583736037,1
330,802.0,2,0.7987797368555658,0.9926910993827914,0
331,802.0,0,1.5868124747270314,-0.293798351575696,0
331,802.0,1,0.2729236194770469,-0.30350924227089016,1
331,802.0,2,0.7987797368555658,2.5203651718737285,0
332,802.0,0,0.9343551445059892,-0.316283101390566,0
332,802.0,1,0.2729236194770469,-0.30350924227089016,1
332,802.0,2,1.3772245759214792,1.6037607283791662,0
333,812.0,0,0.1350949149852126,-0.3152123990184293,0
333,812.0,1,-0.5706265244314042,-0.32637355558879744,1
333,812.0,2,1.3903710495366135,0.5534848035416471,0
334,812.0,0,-0.09326515059215217,-0.3152123990184293,0
334,812.0,1,-0.7287921764142387,-0.3312730512997776,1
334,812.0,2,1.3903710495366135,1.1454585066318852,0
335,812.0,0,0.6081264793954682,-0.3152123990184293,0
335,812.0,1,-0.35973898845429136,-0.3084087379818703,0
335,812.0,2,1.3903710495366135,0.1524703595127761,1
336,812.0,0,-0.09326515059215217,-0.33448504171688925,0
336,812.0,1,-0.5706265244314042,-0.32310722511481066,0
336,812.0,2,0.27292079225019006,0.1524703595127761,1
337,812.0,0,0.6081264793954682,-0.34412136306611923,0
337,812.0,1,-0.5706265244314042,-0.34923786890670466,1
337,812.0,2,0.7199008951647594,1.1454585066318852,0
338,812.0,0,0.1350949149852126,-0.34412136306611923,0
338,812.0,1,-0.7287921764142387,-0.3312730512997776,0
338,812.0,2,0.7199008951647594,0.1524703595127761,1
339,812.0,0,-0.09326515059215217,-0.3152123990184293,0
339,812.0,1,-0.35973898845429136,-0.3084087379818703,0
339,812.0,2,0.27292079225019006,0.5534848035416471,1
340,812.0,0,-0.09326515059215217,-0.34412136306611923,0
340,812.0,1,-0.35973898845429136,-0.34352179057722787,1
340,812.0,2,0.7199008951647594,0.5534848035416471,0
341,812.0,0,0.6081264793954682,-0.33448504171688925,0
341,812.0,1,-0.7287921764142387,-0.33698912962925437,1
341,812.0,2,0.27292079225019006,0.5534848035416471,0
342,820.0,0,-0.6804767477910901,-0.35911119627603255,0
342,820.0,1,-0.834235944402795,-0.3647529386581418,0
342,820.0,2,-0.331816994045992,-0.305831862234505,1
343,820.0,0,-0.6804767477910901,-0.35911119627603255,0
343,820.0,1,-0.9396797123913515,-0.3541373646176848,1
343,820.0,2,0.023137793562636597,0.4007173962925534,0
344,820.0,0,-0.6804767477910901,-0.3666061128809892,0
344,820.0,1,-1.0187625383827688,-0.35658711247317487,1
344,820.0,2,0.023137793562636597,-0.019392973642454306,0
345,820.0,0,-1.1045740124347674,-0.3666061128809892,0
345,820.0,1,-1.0187625383827688,-0.35658711247317487,0
345,820.0,2,-0.5684535191184111,0.4007173962925534,1
346,820.0,0,-0.957771113135033,-0.35911119627603255,0
346,820.0,1,-1.0187625383827688,-0.3606700255656583,1
346,820.0,2,0.023137793562636597,-0.305831862234505,0
347,820.0,0,-0.957771113135033,-0.3666061128809892,0
347,820.0,1,-0.9396797123913515,-0.3672026865136318,1
347,820.0,2,-0.5684535191184111,-0.019392973642454306,0
348,820.0,0,-0.957771113135033,-0.3451920654382559,0
348,820.0,1,-1.0187625383827688,-0.35658711247317487,0
348,820.0,2,-0.5684535191184111,-0.305831862234505,1
349,820.0,0,-0.6804767477910901,-0.3451920654382559,0
349,820.0,1,-0.9396797123913515,-0.3541373646176848,1
349,820.0,2,-0.5684535191184111,0.4007173962925534,0
350,820.0,0,-0.957771113135033,-0.35911119627603255,0
350,820.0,1,-0.9396797123913515,-0.3541373646176848,1
350,820.0,2,-0.331816994045992,-0.019392973642454306,0
351,828.0,0,0.7223065121841505,-0.34733347018252925,0
351,828.0,1,1.0110299953969415,-0.35658711247317487,1
351,828.0,2,0.4569714228620716,0.1524703595127761,0
352,828.0,0,0.7223065121841505,-0.34733347018252925,0
352,828.0,1,0.9055862274083852,-0.34923786890670466,1
352,828.0,2,1.0485627355431193,1.1454585066318852,0
353,828.0,0,0.7223065121841505,-0.35589908915962254,0
353,828.0,1,0.8265034014169679,-0.3541373646176848,1
353,828.0,2,1.0485627355431193,0.5534848035416471,0
354,828.0,0,-0.09326515059215217,-0.35589908915962254,0
354,828.0,1,0.8265034014169679,-0.3541373646176848,0
354,828.0,2,0.06257721440803977,1.1454585066318852,1
355,828.0,0,0.18402921475179074,-0.34733347018252925,0
355,828.0,1,0.8265034014169679,-0.3541373646176848,1
355,828.0,2,1.0485627355431193,0.1524703595127761,0
356,828.0,0,0.18402921475179074,-0.35589908915962254,0
356,828.0,1,0.9055862274083852,-0.3606700255656583,0
356,828.0,2,0.06257721440803977,0.5534848035416471,1
357,828.0,0,0.18402921475179074,-0.3312729346004793,0
357,828.0,1,0.8265034014169679,-0.3476047036697113,0
357,828.0,2,0.06257721440803977,0.1524703595127761,1
358,828.0,0,0.7223065121841505,-0.3312729346004793,0
358,828.0,1,0.9055862274083852,-0.34597153843271794,0
358,828.0,2,0.06257721440803977,1.1454585066318852,1
359,828.0,0,0.18402921475179074,-0.34733347018252925,0
359,828.0,1,0.9055862274083852,-0.34923786890670466,1
359,828.0,2,0.4569714228620716,0.5534848035416471,0
360,833.0,0,0.7223065121841505,-0.15888985268647626,0
360,833.0,1,-0.17521239447431772,-0.19327058877383724,0
360,833.0,2,1.7321793635301075,1.221842210256432,1
361,833.0,0,0.42870071358468154,-0.15888985268647626,0
361,833.0,1,-0.3860999304514305,-0.20551932805128756,1
361,833.0,2,1.7321793635301075,2.023871098314174,0
362,833.0,0,1.3095181093830885,-0.15888985268647626,0
362,833.0,1,0.08839702549707325,-0.1475419621380227,0
362,833.0,2,1.7321793635301075,0.687156284884604,1
363,833.0,0,0.42870071358468154,-0.20385935231621619,0
363,833.0,1,-0.17521239447431772,-0.18347159735187699,1
363,833.0,2,0.48326437009234036,0.687156284884604,0
364,833.0,0,1.3095181093830885,-0.22634410213108613,0
364,833.0,1,-0.17521239447431772,-0.2447152937391286,1
364,833.0,2,0.9828303674674473,2.023871098314174,0
365,833.0,0,0.7223065121841505,-0.22634410213108613,0
365,833.0,1,-0.3860999304514305,-0.20551932805128756,0
365,833.0,2,0.9828303674674473,0.687156284884604,1
366,833.0,0,0.42870071358468154,-0.15888985268647626,0
366,833.0,1,0.08839702549707325,-0.1475419621380227,0
366,833.0,2,0.48326437009234036,1.221842210256432,1
367,833.0,0,0.42870071358468154,-0.22634410213108613,0
367,833.0,1,0.08839702549707325,-0.2389992154096518,1
367,833.0,2,0.9828303674674473,1.221842210256432,0
368,833.0,0,1.3095181093830885,-0.20385935231621619,0
368,833.0,1,-0.3860999304514305,-0.22266756303971802,0
368,833.0,2,0.48326437009234036,1.221842210256432,1
369,834.0,0,-0.12588801710320427,-0.28951554208714936,0
369,834.0,1,-0.1488514524771786,-0.30269265965239345,0
369,834.0,2,-0.20035225789464808,-0.4585992694835987,1
370,834.0,0,-0.12588801710320427,-0.28951554208714936,0
370,834.0,1,-0.254295220465735,-0.2790117637159895,1
370,834.0,2,0.1940419505593837,0.1524703595127761,0
371,834.0,0,-0.12588801710320427,-0.303434672924926,0
371,834.0,1,-0.3333780464571523,-0.2863610072824597,1
371,834.0,2,0.1940419505593837,-0.21035223270382142,0
372,834.0,0,-0.7294110475576683,-0.303434672924926,0
372,834.0,1,-0.3333780464571523,-0.2863610072824597,0
372,834.0,2,-0.46328173019733593,0.1524703595127761,1
373,834.0,0,-0.5336738484913556,-0.28951554208714936,0
373,834.0,1,-0.3333780464571523,-0.29615999870441995,1
373,834.0,2,0.1940419505593837,-0.4585992694835987,0
374,834.0,0,-0.5336738484913556,-0.303434672924926,0
374,834.0,1,-0.254295220465735,-0.311675068455857,0
374,834.0,2,-0.46328173019733593,-0.21035223270382142,1
375,834.0,0,-0.5336738484913556,-0.26167728041159605,0
375,834.0,1,-0.3333780464571523,-0.2863610072824597,0
375,834.0,2,-0.46328173019733593,-0.4585992694835987,1
376,834.0,0,-0.12588801710320427,-0.26167728041159605,0
376,834.0,1,-0.254295220465735,-0.2790117637159895,0
376,834.0,2,-0.46328173019733593,0.1524703595127761,1
377,834.0,0,-0.5336738484913556,-0.28951554208714936,0
377,834.0,1,-0.254295220465735,-0.2790117637159895,0
377,834.0,2,-0.20035225789464808,-0.21035223270382142,1
378,836.0,0,-0.354248082680569,-0.24668744720168276,0
378,836.0,1,-0.5179046404371259,-0.272479102768016,0
378,836.0,2,0.7067544215496251,-0.019392973642454306,1
379,836.0,0,-0.5499852817468817,-0.24668744720168276,0
379,836.0,1,-0.6497093504228214,-0.2790117637159895,0
379,836.0,2,0.7067544215496251,0.4007173962925534,1
380,836.0,0,0.05353774870758232,-0.24668744720168276,0
380,836.0,1,-0.35973898845429136,-0.2447152937391286,0
380,836.0,2,0.7067544215496251,-0.305831862234505,1
381,836.0,0,-0.5499852817468817,-0.27666711362150936,0
381,836.0,1,-0.5179046404371259,-0.272479102768016,0
381,836.0,2,-0.1477663634341105,-0.305831862234505,1
382,836.0,0,0.05353774870758232,-0.2916569468314227,0
382,836.0,1,-0.5179046404371259,-0.30269265965239345,0
382,836.0,2,0.1940419505593837,0.4007173962925534,1
383,836.0,0,-0.354248082680569,-0.2916569468314227,0
383,836.0,1,-0.6497093504228214,-0.2790117637159895,0
383,836.0,2,0.1940419505593837,-0.305831862234505,1
384,836.0,0,-0.5499852817468817,-0.24668744720168276,0
384,836.0,1,-0.35973898845429136,-0.2447152937391286,0
384,836.0,2,-0.1477663634341105,-0.019392973642454306,1
385,836.0,0,-0.5499852817468817,-0.2916569468314227,0
385,836.0,1,-0.35973898845429136,-0.2977931639414133,0
385,836.0,2,0.1940419505593837,-0.019392973642454306,1
386,836.0,0,0.05353774870758232,-0.27666711362150936,0
386,836.0,1,-0.6497093504228214,-0.29044392037494315,0
386,836.0,2,-0.1477663634341105,-0.019392973642454306,1
387,838.0,0,0.6081264793954682,-0.2402632329688628,0
387,838.0,1,-0.35973898845429136,-0.2643132765830491,0
387,838.0,2,1.1142951036187911,0.5343888776355104,1
388,838.0,0,0.6081264793954682,-0.2402632329688628,0
388,838.0,1,-0.5706265244314042,-0.22266756303971802,1
388,838.0,2,1.9030835205268546,1.7756240615343966,0
389,838.0,0,0.6081264793954682,-0.2595358756673227,0
389,838.0,1,-0.7287921764142387,-0.2389992154096518,1
389,838.0,2,1.9030835205268546,1.0308829511950648,0
390,838.0,0,-0.09326515059215217,-0.2595358756673227,0
390,838.0,1,-0.7287921764142387,-0.2389992154096518,1
390,838.0,2,0.5884361590134155,1.7756240615343966,0
391,838.0,0,0.1350949149852126,-0.2402632329688628,0
391,838.0,1,-0.7287921764142387,-0.2512479546871021,1
391,838.0,2,1.9030835205268546,0.5343888776355104,0
392,838.0,0,0.1350949149852126,-0.2595358756673227,0
392,838.0,1,-0.5706265244314042,-0.2749288506235061,1
392,838.0,2,0.5884361590134155,1.0308829511950648,0
393,838.0,0,0.1350949149852126,-0.20278864994407952,0
393,838.0,1,-0.7287921764142387,-0.2389992154096518,1
393,838.0,2,0.5884361590134155,0.5343888776355104,0
394,838.0,0,0.6081264793954682,-0.20278864994407952,0
394,838.0,1,-0.5706265244314042,-0.22920022398769152,1
394,838.0,2,0.5884361590134155,1.7756240615343966,0
395,838.0,0,0.1350949149852126,-0.2402632329688628,0
395,838.0,1,-0.5706265244314042,-0.22266756303971802,1
395,838.0,2,1.1142951036187911,1.0308829511950648,0
396,844.0,0,1.423698142171771,-0.19208162622271288,0
396,844.0,1,2.3554380372510355,-0.22920022398769152,1
396,844.0,2,1.9030835205268546,0.9354033216643813,0
397,844.0,0,1.0974694770612499,-0.19208162622271288,0
397,844.0,1,2.22363332726534,-0.2389992154096518,1
397,844.0,2,1.9030835205268546,1.6419525801914396,0
398,844.0,0,2.076155472392813,-0.19208162622271288,0
398,844.0,1,2.51360368923387,-0.20551932805128756,1
398,844.0,2,1.9030835205268546,0.4580051740109635,0
399,844.0,0,1.0974694770612499,-0.23169761399176947,0
399,844.0,1,2.3554380372510355,-0.22920022398769152,1
399,844.0,2,0.5884361590134155,0.4580051740109635,0
400,844.0,0,2.076155472392813,-0.25097025669022943,0
400,844.0,1,2.3554380372510355,-0.272479102768016,1
400,844.0,2,1.1142951036187911,1.6419525801914396,0
401,844.0,0,1.423698142171771,-0.25097025669022943,0
401,844.0,1,2.22363332726534,-0.2447152937391286,1
401,844.0,2,1.1142951036187911,0.4580051740109635,0
402,844.0,0,1.0974694770612499,-0.19208162622271288,0
402,844.0,1,2.51360368923387,-0.20551932805128756,1
402,844.0,2,0.5884361590134155,0.9354033216643813,0
403,844.0,0,1.0974694770612499,-0.25097025669022943,0
403,844.0,1,2.51360368923387,-0.2643132765830491,1
403,844.0,2,1.1142951036187911,0.9354033216643813,0
404,844.0,0,2.076155472392813,-0.23169761399176947,0
404,844.0,1,2.22363332726534,-0.2512479546871021,1
404,844.0,2,0.5884361590134155,0.9354033216643813,0
405,856.0,0,1.2768952428720364,-0.20278864994407952,0
405,856.0,1,0.16747985148849054,-0.2389992154096518,1
405,856.0,2,0.5884361590134155,0.7444440626030142,0
406,856.0,0,0.5265693131178378,-0.2595358756673227,0
406,856.0,1,0.3256455034713251,-0.272479102768016,1
406,856.0,2,1.2194668925398664,0.3052377667618698,0
407,856.0,0,1.2768952428720364,-0.2595358756673227,0
407,856.0,1,0.5365330394484379,-0.2643132765830491,0
407,856.0,2,0.1677490033291149,0.3052377667618698,1
408,856.0,0,0.7712408119507287,-0.2595358756673227,0
408,856.0,1,0.5365330394484379,-0.2643132765830491,1
408,856.0,2,1.2194668925398664,1.3937055434116623,0
409,856.0,0,0.7712408119507287,-0.2402632329688628,0
409,856.0,1,0.5365330394484379,-0.26104694610906237,1
409,856.0,2,0.1677490033291149,1.3937055434116623,0
410,856.0,0,0.5265693131178378,-0.2402632329688628,0
410,856.0,1,0.5365330394484379,-0.26104694610906237,1
410,856.0,2,1.2194668925398664,0.7444440626030142,0
411,856.0,0,0.5265693131178378,-0.20278864994407952,0
411,856.0,1,0.3256455034713251,-0.22920022398769152,1
411,856.0,2,0.5884361590134155,0.3052377667618698,0
412,856.0,0,0.5265693131178378,-0.2402632329688628,0
412,856.0,1,0.16747985148849054,-0.2512479546871021,1
412,856.0,2,0.5884361590134155,1.3937055434116623,0
413,856.0,0,0.7712408119507287,-0.20278864994407952,0
413,856.0,1,0.5365330394484379,-0.19898666710331406,1
413,856.0,2,0.5884361590134155,1.3937055434116623,0
414,874.0,0,1.5541896082159792,-0.20278864994407952,0
414,874.0,1,1.380083183356889,-0.2447152937391286,0
414,874.0,2,0.7199008951647594,0.9354033216643813,1
415,874.0,0,0.5755036128844161,-0.2595358756673227,0
415,874.0,1,1.5118878933425843,-0.2749288506235061,1
415,874.0,2,1.3903710495366135,0.4580051740109635,0
416,874.0,0,1.5541896082159792,-0.2595358756673227,0
416,874.0,1,1.6700535453254188,-0.272479102768016,0
416,874.0,2,0.27292079225019006,0.4580051740109635,1
417,874.0,0,0.9017322779949372,-0.2595358756673227,0
417,874.0,1,1.6700535453254188,-0.272479102768016,1
417,874.0,2,1.3903710495366135,1.6419525801914396,0
418,874.0,0,0.9017322779949372,-0.2402632329688628,0
418,874.0,1,1.6700535453254188,-0.2643132765830491,0
418,874.0,2,0.27292079225019006,1.6419525801914396,1
419,874.0,0,0.5755036128844161,-0.2402632329688628,0
419,874.0,1,1.6700535453254188,-0.2643132765830491,1
419,874.0,2,1.3903710495366135,0.9354033216643813,0
420,874.0,0,0.5755036128844161,-0.20278864994407952,0
420,874.0,1,1.5118878933425843,-0.2389992154096518,1
420,874.0,2,0.7199008951647594,0.4580051740109635,0
421,874.0,0,0.5755036128844161,-0.2402632329688628,0
421,874.0,1,1.380083183356889,-0.26104694610906237,1
421,874.0,2,0.7199008951647594,1.6419525801914396,0
422,874.0,0,0.9017322779949372,-0.20278864994407952,0
422,874.0,1,1.6700535453254188,-0.21531831947324784,1
422,874.0,2,0.7199008951647594,1.6419525801914396,0
423,900.0,0,0.9996008775280935,-0.22099059027040283,0
423,900.0,1,2.487242747236731,-0.2643132765830491,1
423,900.0,2,0.8776585785463722,0.2670459149495964,0
424,900.0,0,0.7059950789286245,-0.22099059027040283,0
424,900.0,1,2.4081599212453138,-0.2683961896755326,1
424,900.0,2,0.8776585785463722,0.7826359144152876,0
425,900.0,0,1.5868124747270314,-0.22099059027040283,0
425,900.0,1,2.5926865152252874,-0.2512479546871021,0
425,900.0,2,0.8776585785463722,-0.07668075136086444,1
426,900.0,0,0.7059950789286245,-0.2552530661787761,0
426,900.0,1,2.487242747236731,-0.272479102768016,0
426,900.0,2,-0.04259457451303537,-0.07668075136086444,1
427,900.0,0,1.5868124747270314,-0.2723843041329627,0
427,900.0,1,2.487242747236731,-0.29615999870441995,1
427,900.0,2,0.32550668671072763,0.7826359144152876,0
428,900.0,0,0.9996008775280935,-0.2723843041329627,0
428,900.0,1,2.4081599212453138,-0.2847278420454663,1
428,900.0,2,0.32550668671072763,-0.07668075136086444,0
429,900.0,0,0.7059950789286245,-0.22099059027040283,0
429,900.0,1,2.5926865152252874,-0.2512479546871021,0
429,900.0,2,-0.04259457451303537,0.2670459149495964,1
430,900.0,0,0.7059950789286245,-0.2723843041329627,0
430,900.0,1,2.5926865152252874,-0.29044392037494315,0
430,900.0,2,0.32550668671072763,0.2670459149495964,1
431,900.0,0,1.5868124747270314,-0.2552530661787761,0
431,900.0,1,2.4081599212453138,-0.2847278420454663,0
431,900.0,2,-0.04259457451303537,0.2670459149495964,1
432,910.0,0,1.0485351772946716,-0.2402632329688628,0
432,910.0,1,0.06203608349993415,-0.2643132765830491,0
432,910.0,2,0.4569714228620716,0.22885406313732296,1
433,910.0,0,1.0485351772946716,-0.2402632329688628,0
433,910.0,1,-0.1488514524771786,-0.22266756303971802,0
433,910.0,2,1.0485627355431193,1.2791299879748421,1
434,910.0,0,1.0485351772946716,-0.2595358756673227,0
434,910.0,1,-0.3070171044600132,-0.2389992154096518,0
434,910.0,2,1.0485627355431193,0.6489644330723306,1
435,910.0,0,0.18402921475179074,-0.2595358756673227,0
435,910.0,1,-0.3070171044600132,-0.2389992154096518,0
435,910.0,2,0.06257721440803977,1.2791299879748421,1
436,910.0,0,0.47763501335125974,-0.2402632329688628,0
436,910.0,1,-0.3070171044600132,-0.2512479546871021,0
436,910.0,2,1.0485627355431193,0.22885406313732296,1
437,910.0,0,0.47763501335125974,-0.2595358756673227,0
437,910.0,1,-0.1488514524771786,-0.272479102768016,0
437,910.0,2,0.06257721440803977,0.6489644330723306,1
438,910.0,0,0.47763501335125974,-0.20278864994407952,0
438,910.0,1,-0.3070171044600132,-0.2389992154096518,0
438,910.0,2,0.06257721440803977,0.22885406313732296,1
439,910.0,0,1.0485351772946716,-0.20278864994407952,0
439,910.0,1,-0.1488514524771786,-0.22920022398769152,0
439,910.0,2,0.06257721440803977,1.2791299879748421,1
440,910.0,0,0.47763501335125974,-0.2402632329688628,0
440,910.0,1,-0.1488514524771786,-0.22266756303971802,0
440,910.0,2,0.4569714228620716,0.6489644330723306,1
441,927.0,0,-0.8109682138352985,-0.30129326818065266,0
441,927.0,1,-0.9660406543884905,-0.3067755727448769,1
441,927.0,2,-0.331816994045992,-0.5349829731081456,0
442,927.0,0,-0.8109682138352985,-0.30129326818065266,0
442,927.0,1,-1.071484422377047,-0.2863610072824597,1
442,927.0,2,0.023137793562636597,0.03789480407595583,0
443,927.0,0,-0.8109682138352985,-0.31414169664629266,0
443,927.0,1,-1.1505672483684641,-0.29615999870441995,1
443,927.0,2,0.023137793562636597,-0.305831862234505,0
444,927.0,0,-1.1535083122013456,-0.31414169664629266,0
444,927.0,1,-1.1505672483684641,-0.29615999870441995,0
444,927.0,2,-0.5684535191184111,0.03789480407595583,1
445,927.0,0,-1.0393282794126633,-0.30129326818065266,0
445,927.0,1,-1.1505672483684641,-0.30269265965239345,1
445,927.0,2,0.023137793562636597,-0.5349829731081456,0
446,927.0,0,-1.0393282794126633,-0.31414169664629266,0
446,927.0,1,-1.071484422377047,-0.31657456416683716,0
446,927.0,2,-0.5684535191184111,-0.305831862234505,1
447,927.0,0,-1.0393282794126633,-0.27559641124937273,0
447,927.0,1,-1.1505672483684641,-0.29615999870441995,0
447,927.0,2,-0.5684535191184111,-0.5349829731081456,1
448,927.0,0,-0.8109682138352985,-0.27559641124937273,0
448,927.0,1,-1.071484422377047,-0.2863610072824597,0
448,927.0,2,-0.5684535191184111,0.03789480407595583,1
449,927.0,0,-1.0393282794126633,-0.30129326818065266,0
449,927.0,1,-1.071484422377047,-0.2863610072824597,1
449,927.0,2,-0.331816994045992,-0.305831862234505,0
