dataset,ID,predicted_class,class_1_prob,class_2_prob
train,1.0,1,0.5128121972084045,0.48718777298927307
train,2.0,1,0.5066010355949402,0.49339890480041504
train,3.0,1,0.5031238198280334,0.49687620997428894
train,4.0,2,0.483744353055954,0.5162556171417236
train,5.0,2,0.49185022711753845,0.5081497430801392
train,6.0,2,0.49455249309539795,0.505447506904602
train,7.0,2,0.4959985315799713,0.5040014386177063
train,8.0,1,0.505149781703949,0.494850218296051
train,9.0,1,0.501019299030304,0.4989807605743408
train,10.0,1,0.509021520614624,0.4909784197807312
train,12.0,1,0.5154991745948792,0.48450079560279846
train,13.0,2,0.4965786635875702,0.5034212470054626
train,14.0,1,0.5038740038871765,0.4961259961128235
train,15.0,2,0.49277281761169434,0.5072272419929504
train,16.0,2,0.4960353672504425,0.5039646029472351
train,17.0,1,0.5070216059684753,0.4929784834384918
train,18.0,1,0.5124000310897827,0.4875999093055725
train,19.0,1,0.501291811466217,0.49870818853378296
train,20.0,1,0.5056689381599426,0.4943310022354126
train,21.0,2,0.4944513738155365,0.5055485963821411
train,22.0,1,0.5023108124732971,0.4976891875267029
train,23.0,2,0.4975362718105316,0.502463698387146
train,25.0,2,0.498169481754303,0.501830518245697
train,26.0,2,0.4861917495727539,0.5138082504272461
train,27.0,2,0.4981703460216522,0.5018296837806702
train,28.0,1,0.504982054233551,0.4950179159641266
train,29.0,1,0.5171387791633606,0.4828612208366394
train,30.0,2,0.49832773208618164,0.5016722679138184
train,31.0,2,0.49168041348457336,0.5083195567131042
train,33.0,2,0.49286311864852905,0.507136881351471
train,34.0,1,0.5101358890533447,0.4898641109466553
train,35.0,2,0.4947301149368286,0.5052698254585266
train,36.0,1,0.503405749797821,0.49659422039985657
train,37.0,1,0.5072991847991943,0.49270081520080566
train,38.0,2,0.479707807302475,0.5202922224998474
train,39.0,2,0.482337087392807,0.5176630020141602
train,40.0,2,0.49615320563316345,0.5038468241691589
train,41.0,1,0.504021942615509,0.49597808718681335
train,42.0,2,0.4887216091156006,0.5112784504890442
train,43.0,2,0.49389469623565674,0.5061053037643433
train,44.0,2,0.47810566425323486,0.5218943357467651
train,46.0,2,0.49391356110572815,0.5060864686965942
train,47.0,2,0.48976966738700867,0.5102303624153137
train,48.0,2,0.4977143108844757,0.5022855997085571
train,49.0,1,0.5009349584579468,0.4990650415420532
train,51.0,2,0.49874961376190186,0.5012504458427429
train,53.0,1,0.515923023223877,0.48407700657844543
train,54.0,2,0.4999500513076782,0.5000499486923218
train,56.0,1,0.5088748335838318,0.4911251962184906
train,58.0,1,0.5034236311912537,0.4965764284133911
train,61.0,1,0.5010773539543152,0.4989226460456848
train,62.0,1,0.5046968460083008,0.49530312418937683
train,63.0,1,0.5016080141067505,0.4983919560909271
train,65.0,2,0.49765968322753906,0.5023401975631714
train,66.0,1,0.5014939308166504,0.4985060691833496
train,67.0,2,0.48636358976364136,0.5136364698410034
train,68.0,2,0.48578914999961853,0.5142107605934143
train,69.0,2,0.495094895362854,0.504905104637146
train,70.0,1,0.5074741244316101,0.4925258755683899
train,72.0,2,0.4945071041584015,0.5054928660392761
train,73.0,1,0.5030537247657776,0.4969462752342224
train,74.0,2,0.4968978762626648,0.50310218334198
train,75.0,1,0.5098949670791626,0.4901049733161926
train,76.0,2,0.4960756301879883,0.5039243698120117
train,78.0,1,0.5041818022727966,0.495818167924881
train,79.0,1,0.5045998096466064,0.49540024995803833
train,80.0,2,0.4984188675880432,0.5015811324119568
train,81.0,1,0.5026254653930664,0.4973745346069336
train,83.0,1,0.5026596784591675,0.49734029173851013
train,85.0,1,0.5101557374000549,0.48984426259994507
train,86.0,1,0.5041941404342651,0.4958059787750244
train,88.0,1,0.5233423113822937,0.4766576588153839
train,90.0,1,0.5039212107658386,0.4960787892341614
train,91.0,1,0.5035260915756226,0.4964738190174103
train,92.0,2,0.4918670654296875,0.5081329345703125
train,93.0,1,0.517033576965332,0.48296645283699036
train,94.0,1,0.5206380486488342,0.47936195135116577
train,95.0,1,0.5196031332015991,0.48039689660072327
train,96.0,1,0.5192540287971497,0.48074600100517273
train,98.0,1,0.5002152323722839,0.4997847378253937
train,99.0,1,0.5138517618179321,0.48614829778671265
train,100.0,1,0.5060061812400818,0.493993878364563
train,101.0,2,0.4968244433403015,0.5031755566596985
train,103.0,1,0.5022011995315552,0.4977988004684448
train,104.0,1,0.509316623210907,0.4906834065914154
train,105.0,2,0.4955514669418335,0.5044484734535217
train,106.0,2,0.4854032099246979,0.5145968198776245
train,107.0,1,0.5018604397773743,0.4981395900249481
train,109.0,1,0.5128106474876404,0.487189382314682
train,111.0,2,0.49901631474494934,0.5009836554527283
train,112.0,2,0.4996802508831024,0.5003196597099304
train,113.0,2,0.49227073788642883,0.5077292323112488
train,115.0,2,0.49526843428611755,0.5047315955162048
train,116.0,1,0.500471293926239,0.4995287358760834
train,117.0,1,0.5041176676750183,0.4958823323249817
train,118.0,1,0.5073019862174988,0.49269795417785645
train,119.0,2,0.49802184104919434,0.5019781589508057
train,120.0,1,0.5052453875541687,0.4947545826435089
train,121.0,1,0.5045987367630005,0.4954012334346771
train,122.0,1,0.5081552267074585,0.4918447732925415
train,123.0,1,0.5079699754714966,0.4920300245285034
train,124.0,2,0.4941086173057556,0.5058913230895996
train,125.0,2,0.4952343702316284,0.5047655701637268
train,126.0,2,0.4931119680404663,0.5068880915641785
train,127.0,1,0.5068542957305908,0.49314579367637634
train,128.0,2,0.49999645352363586,0.5000036358833313
train,131.0,1,0.5067722201347351,0.4932277500629425
train,132.0,2,0.4964991807937622,0.5035008192062378
train,133.0,2,0.4888586401939392,0.5111413598060608
train,134.0,1,0.5017449855804443,0.4982549846172333
train,135.0,1,0.5042414665222168,0.4957585632801056
train,136.0,2,0.4939892888069153,0.5060107111930847
train,137.0,2,0.48887887597084045,0.5111211538314819
train,138.0,1,0.5053829550743103,0.4946170151233673
train,143.0,1,0.5023664236068726,0.4976334869861603
train,144.0,2,0.4997333586215973,0.5002666115760803
train,145.0,2,0.4991645812988281,0.5008353590965271
train,146.0,1,0.5032428503036499,0.4967571496963501
train,147.0,1,0.5049040913581848,0.49509596824645996
train,148.0,2,0.49987679719924927,0.5001232028007507
train,149.0,1,0.5165969729423523,0.4834030568599701
train,150.0,1,0.501656711101532,0.498343288898468
train,151.0,2,0.4930143356323242,0.506985604763031
train,152.0,1,0.504254937171936,0.49574509263038635
train,153.0,2,0.49051186442375183,0.509488046169281
train,154.0,2,0.4910571873188019,0.5089427828788757
train,155.0,1,0.5009816288948059,0.49901828169822693
train,158.0,2,0.49923911690711975,0.5007608532905579
train,160.0,1,0.5031766891479492,0.4968232810497284
train,161.0,1,0.5019930005073547,0.49800699949264526
train,162.0,1,0.5061325430870056,0.4938674867153168
train,163.0,1,0.5039712190628052,0.4960288405418396
train,165.0,2,0.48775389790534973,0.5122461318969727
train,166.0,2,0.49395671486854553,0.5060432553291321
train,167.0,1,0.5083423256874084,0.49165764451026917
train,168.0,1,0.5067207217216492,0.4932793080806732
train,170.0,2,0.4967153072357178,0.5032846331596375
train,172.0,2,0.4913040101528168,0.5086959600448608
train,173.0,2,0.4925591051578522,0.5074409246444702
train,174.0,2,0.49292823672294617,0.5070717930793762
train,176.0,1,0.5061615109443665,0.49383848905563354
train,177.0,1,0.5152955651283264,0.4847044348716736
train,178.0,2,0.4997529685497284,0.5002470016479492
train,179.0,2,0.4971999228000641,0.5028001070022583
train,180.0,1,0.5113039612770081,0.48869600892066956
train,181.0,1,0.5165398716926575,0.4834601581096649
train,182.0,1,0.5109293460845947,0.4890706539154053
train,183.0,1,0.5070216059684753,0.49297839403152466
train,184.0,2,0.4927748739719391,0.5072250962257385
train,185.0,2,0.4996250867843628,0.500374972820282
train,186.0,2,0.49646010994911194,0.5035398602485657
train,187.0,1,0.5277929306030273,0.47220703959465027
train,188.0,1,0.50960773229599,0.4903922975063324
train,189.0,1,0.502064049243927,0.4979359805583954
train,190.0,1,0.5181926488876343,0.4818073511123657
train,191.0,1,0.5167620778083801,0.4832379221916199
train,192.0,1,0.5045685172080994,0.49543148279190063
train,194.0,2,0.499921590089798,0.5000783801078796
train,195.0,2,0.4944714307785034,0.5055286288261414
train,196.0,1,0.507540225982666,0.49245980381965637
train,197.0,2,0.4988551437854767,0.5011449456214905
train,198.0,1,0.5113942623138428,0.4886057674884796
train,202.0,1,0.5108760595321655,0.4891239404678345
train,203.0,1,0.5152489542961121,0.4847510755062103
train,204.0,2,0.486442893743515,0.5135570764541626
train,205.0,1,0.5018161535263062,0.49818381667137146
train,206.0,2,0.4994242489337921,0.5005757212638855
train,207.0,1,0.5122906565666199,0.4877094030380249
train,208.0,1,0.5067656636238098,0.4932343065738678
train,209.0,2,0.4988536536693573,0.5011464357376099
train,213.0,1,0.5047408938407898,0.4952591061592102
train,214.0,1,0.5007724165916443,0.4992275536060333
train,215.0,2,0.4861728250980377,0.5138271450996399
train,216.0,1,0.5000571608543396,0.499942809343338
train,217.0,1,0.518474280834198,0.4815256893634796
train,218.0,2,0.4993610382080078,0.500639021396637
train,219.0,2,0.4828883111476898,0.5171117186546326
train,221.0,1,0.5057981610298157,0.4942018389701843
train,223.0,2,0.4934976100921631,0.5065023899078369
train,224.0,1,0.5051096677780151,0.4948902726173401
train,225.0,2,0.48458781838417053,0.5154120922088623
train,227.0,2,0.49078384041786194,0.5092161297798157
train,228.0,2,0.48695993423461914,0.5130400061607361
train,229.0,2,0.4935910999774933,0.5064088702201843
train,230.0,1,0.504683256149292,0.49531683325767517
train,231.0,2,0.49858590960502625,0.5014140605926514
train,232.0,2,0.49762892723083496,0.5023711323738098
train,234.0,2,0.4756959080696106,0.5243040919303894
train,236.0,1,0.5017509460449219,0.4982491135597229
train,237.0,2,0.4935706555843353,0.5064293146133423
train,238.0,2,0.495615154504776,0.5043848752975464
train,239.0,1,0.520591676235199,0.479408323764801
train,240.0,1,0.5291034579277039,0.4708964228630066
train,241.0,1,0.5175472497940063,0.48245272040367126
train,243.0,1,0.505277156829834,0.494722843170166
train,244.0,1,0.5245964527130127,0.47540345788002014
train,247.0,1,0.5088135004043579,0.4911864399909973
train,248.0,1,0.5049805045127869,0.49501943588256836
train,250.0,2,0.49492400884628296,0.5050759315490723
train,251.0,2,0.49159005284309387,0.5084100365638733
train,252.0,2,0.47394293546676636,0.5260570049285889
train,253.0,1,0.503650426864624,0.49634960293769836
train,254.0,1,0.5033661723136902,0.4966338276863098
train,255.0,1,0.5015665888786316,0.4984334111213684
train,256.0,1,0.5044705867767334,0.4955293834209442
train,257.0,2,0.48001155257225037,0.519988477230072
train,258.0,1,0.5035110116004944,0.4964889585971832
train,259.0,2,0.4866960346698761,0.5133039355278015
train,260.0,1,0.502216100692749,0.49778392910957336
train,261.0,2,0.494722843170166,0.505277156829834
train,262.0,2,0.49962085485458374,0.5003791451454163
train,264.0,2,0.4942086637020111,0.5057913661003113
train,265.0,2,0.48039916157722473,0.5196008682250977
train,266.0,1,0.5127019286155701,0.48729804158210754
train,267.0,1,0.5049245953559875,0.4950753152370453
train,269.0,2,0.4920193552970886,0.5079806447029114
train,270.0,2,0.4985293447971344,0.5014706254005432
train,271.0,2,0.47627392411231995,0.5237259864807129
train,272.0,2,0.49704882502555847,0.5029510855674744
train,274.0,1,0.5000627040863037,0.49993735551834106
train,275.0,2,0.4971494972705841,0.5028505921363831
train,276.0,1,0.5332221388816833,0.46677783131599426
train,278.0,1,0.5136110782623291,0.4863888919353485
train,279.0,2,0.4912222623825073,0.5087777376174927
train,281.0,2,0.4989432692527771,0.5010567307472229
train,282.0,2,0.4969472289085388,0.5030527114868164
train,283.0,1,0.5000734925270081,0.49992647767066956
train,284.0,2,0.4949057102203369,0.5050944089889526
train,285.0,1,0.5094583630561829,0.49054163694381714
train,286.0,1,0.5031854510307312,0.4968145191669464
train,287.0,1,0.5016160011291504,0.49838393926620483
train,288.0,2,0.493114709854126,0.506885290145874
train,290.0,2,0.4987963140010834,0.501203715801239
train,291.0,2,0.4964544177055359,0.5035456418991089
train,294.0,2,0.49558037519454956,0.5044195652008057
train,296.0,2,0.4959169626235962,0.504082977771759
train,298.0,1,0.5002676844596863,0.4997323155403137
train,300.0,1,0.5025133490562439,0.4974867105484009
train,301.0,1,0.5007746815681458,0.499225378036499
train,302.0,2,0.4990697205066681,0.5009301900863647
train,303.0,1,0.5031512379646301,0.4968487024307251
train,304.0,1,0.5002649426460266,0.4997350573539734
train,305.0,1,0.5037354230880737,0.49626457691192627
train,306.0,1,0.5062990784645081,0.49370086193084717
train,307.0,1,0.5026014447212219,0.4973985552787781
train,308.0,1,0.5065287351608276,0.49347126483917236
train,310.0,1,0.501492440700531,0.4985075891017914
train,313.0,1,0.5096702575683594,0.49032971262931824
train,314.0,2,0.4883233308792114,0.5116767287254333
train,315.0,2,0.4972480833530426,0.5027518272399902
train,316.0,1,0.501900851726532,0.498099148273468
train,317.0,2,0.48812583088874817,0.5118741989135742
train,318.0,1,0.5005790591239929,0.4994209408760071
train,319.0,1,0.5034412145614624,0.49655881524086
train,320.0,1,0.5073556900024414,0.4926442801952362
train,321.0,2,0.4985528886318207,0.5014471411705017
train,323.0,2,0.49870190024375916,0.5012981295585632
train,325.0,2,0.49901965260505676,0.5009803175926208
train,327.0,2,0.4991113543510437,0.5008886456489563
train,328.0,2,0.49859336018562317,0.501406729221344
train,329.0,2,0.49927818775177,0.50072181224823
train,332.0,2,0.4998698830604553,0.5001301169395447
train,333.0,1,0.5003330707550049,0.4996669590473175
train,337.0,2,0.4929591715335846,0.507040798664093
train,338.0,2,0.4986800253391266,0.5013200640678406
train,339.0,1,0.5333227515220642,0.4666772782802582
train,340.0,2,0.4942634701728821,0.5057365298271179
train,341.0,1,0.5121045708656311,0.48789533972740173
train,342.0,2,0.498014897108078,0.5019851922988892
train,343.0,2,0.499392569065094,0.500607430934906
train,344.0,2,0.48119300603866577,0.5188069939613342
train,345.0,1,0.5086447596549988,0.49135518074035645
train,346.0,1,0.5023542642593384,0.497645765542984
train,348.0,1,0.5115965008735657,0.4884035587310791
train,349.0,2,0.48990398645401,0.5100960731506348
train,350.0,2,0.4981347620487213,0.5018652677536011
train,351.0,1,0.5015150904655457,0.49848487973213196
train,352.0,1,0.5000055432319641,0.49999451637268066
train,353.0,1,0.5031664967536926,0.49683353304862976
train,354.0,1,0.5107255578041077,0.48927444219589233
train,356.0,2,0.490557998418808,0.5094419121742249
train,357.0,1,0.5014170408248901,0.49858298897743225
train,359.0,2,0.4976923167705536,0.502307653427124
train,360.0,2,0.4969269335269928,0.5030730366706848
train,361.0,1,0.5137128829956055,0.48628708720207214
train,362.0,1,0.5167493224143982,0.4832507371902466
train,363.0,2,0.49472665786743164,0.5052733421325684
train,366.0,2,0.4901870787143707,0.5098129510879517
train,367.0,2,0.49762478470802307,0.5023752450942993
train,368.0,1,0.5029557347297668,0.4970443546772003
train,369.0,1,0.5156511068344116,0.48434892296791077
train,371.0,2,0.49757012724876404,0.5024298429489136
train,372.0,2,0.4948417544364929,0.5051582455635071
train,373.0,1,0.5076370239257812,0.49236297607421875
train,375.0,2,0.49756693840026855,0.5024330615997314
train,376.0,1,0.5074109435081482,0.4925891160964966
train,377.0,2,0.494802325963974,0.5051976442337036
train,378.0,2,0.4980052709579468,0.5019946694374084
train,381.0,2,0.4928312301635742,0.5071688294410706
train,382.0,1,0.5015787482261658,0.49842125177383423
train,384.0,1,0.5017380118370056,0.4982619285583496
train,386.0,1,0.5058751702308655,0.4941248595714569
train,387.0,1,0.5153988599777222,0.48460108041763306
train,388.0,1,0.5073923468589783,0.49260759353637695
train,389.0,2,0.4966896176338196,0.5033104419708252
train,390.0,1,0.5028762221336365,0.49712368845939636
train,391.0,2,0.49856120347976685,0.5014387965202332
train,392.0,2,0.49652212858200073,0.5034778714179993
train,394.0,2,0.4743472933769226,0.5256526470184326
train,395.0,1,0.5008047819137573,0.4991951882839203
train,396.0,1,0.5040346384048462,0.4959653913974762
train,398.0,2,0.4995221495628357,0.5004777908325195
train,399.0,1,0.5203966498374939,0.4796034097671509
train,400.0,1,0.5185323357582092,0.48146766424179077
train,402.0,2,0.49832841753959656,0.5016714930534363
train,403.0,2,0.4988376498222351,0.5011624097824097
train,404.0,2,0.49537476897239685,0.5046252608299255
train,405.0,1,0.5101450085639954,0.489855021238327
train,406.0,2,0.4978471100330353,0.5021529793739319
train,407.0,1,0.5073285698890686,0.492671400308609
train,408.0,2,0.496466726064682,0.5035332441329956
train,409.0,1,0.5076156854629517,0.4923843443393707
train,410.0,1,0.5012274384498596,0.49877259135246277
train,411.0,2,0.49272099137306213,0.5072789788246155
train,412.0,2,0.49544230103492737,0.504557728767395
train,414.0,1,0.5068289637565613,0.4931710362434387
train,415.0,2,0.499528169631958,0.500471830368042
train,416.0,2,0.49910351634025574,0.5008965134620667
train,417.0,1,0.5024461150169373,0.49755388498306274
train,418.0,2,0.496451199054718,0.503548800945282
train,419.0,2,0.4944485127925873,0.5055515170097351
train,420.0,1,0.5006991028785706,0.49930083751678467
train,421.0,1,0.5201455354690552,0.47985440492630005
train,422.0,1,0.5155316591262817,0.48446834087371826
train,424.0,2,0.4987867772579193,0.5012132525444031
train,425.0,2,0.4998215138912201,0.5001785755157471
train,429.0,2,0.4979645013809204,0.5020354390144348
train,430.0,1,0.5056778788566589,0.49432212114334106
train,431.0,1,0.5039493441581726,0.4960506558418274
train,433.0,1,0.5016747713088989,0.49832525849342346
train,434.0,2,0.494613915681839,0.5053861737251282
train,436.0,1,0.511093258857727,0.4889068305492401
train,437.0,2,0.49950945377349854,0.5004905462265015
train,438.0,1,0.5032773017883301,0.4967227280139923
train,439.0,2,0.4986591339111328,0.501340925693512
train,442.0,1,0.503217875957489,0.4967821538448334
train,443.0,2,0.49984031915664673,0.5001595616340637
train,445.0,1,0.5071274042129517,0.49287253618240356
train,446.0,1,0.5139656662940979,0.4860343337059021
train,447.0,1,0.5085324645042419,0.49146756529808044
train,448.0,1,0.5034452676773071,0.4965547025203705
train,449.0,2,0.4996463358402252,0.5003535747528076
train,450.0,1,0.5190103054046631,0.4809897243976593
train,451.0,1,0.5080620646476746,0.49193790555000305
train,453.0,1,0.5174600481987,0.4825398623943329
train,454.0,2,0.49587735533714294,0.5041225552558899
train,455.0,1,0.5181108117103577,0.48188912868499756
train,457.0,2,0.4927294850349426,0.5072704553604126
train,459.0,1,0.5139475464820862,0.4860524833202362
train,460.0,1,0.512260913848877,0.48773905634880066
train,461.0,2,0.4971200227737427,0.5028798580169678
train,462.0,1,0.5015151500701904,0.49848487973213196
train,464.0,1,0.5073281526565552,0.4926718771457672
train,465.0,1,0.5041180849075317,0.49588191509246826
train,467.0,1,0.5159377455711365,0.48406222462654114
train,468.0,1,0.5041789412498474,0.4958210587501526
train,469.0,2,0.49865269660949707,0.5013473033905029
train,471.0,2,0.4860840141773224,0.5139159560203552
train,472.0,1,0.5067553520202637,0.49324464797973633
train,473.0,1,0.5113579630851746,0.48864200711250305
train,474.0,2,0.47723180055618286,0.5227681994438171
train,475.0,1,0.5109401345252991,0.48905983567237854
train,476.0,1,0.5069905519485474,0.49300938844680786
train,477.0,2,0.4917423129081726,0.5082577466964722
train,478.0,2,0.48966217041015625,0.5103378295898438
train,479.0,1,0.5038608312606812,0.4961392283439636
train,480.0,2,0.49553215503692627,0.5044678449630737
train,481.0,2,0.49801814556121826,0.5019818544387817
train,483.0,2,0.49559876322746277,0.5044012069702148
train,484.0,2,0.48986566066741943,0.5101343393325806
train,485.0,1,0.50399249792099,0.4960075318813324
train,486.0,2,0.48722678422927856,0.5127732157707214
train,488.0,2,0.4830876290798187,0.5169123411178589
train,489.0,2,0.4998576045036316,0.5001423954963684
train,491.0,1,0.5055687427520752,0.4944313168525696
train,492.0,1,0.5056165456771851,0.4943833649158478
train,493.0,2,0.48603367805480957,0.5139663219451904
train,494.0,2,0.4848204255104065,0.5151795744895935
train,496.0,2,0.4852552115917206,0.514744758605957
train,497.0,2,0.4985962212085724,0.5014037489891052
train,498.0,1,0.5068415999412537,0.49315834045410156
train,500.0,2,0.4795539379119873,0.5204460024833679
train,501.0,2,0.4774034321308136,0.5225964784622192
train,502.0,2,0.48619207739830017,0.513808012008667
train,503.0,2,0.4934391975402832,0.5065608024597168
train,504.0,2,0.48640576004981995,0.5135942697525024
train,505.0,1,0.5095961689949036,0.4904038608074188
train,506.0,1,0.5031414031982422,0.49685850739479065
train,507.0,1,0.5075759291648865,0.4924240708351135
train,508.0,2,0.4981890022754669,0.5018109679222107
train,509.0,2,0.48793038725852966,0.512069582939148
train,510.0,2,0.4968514144420624,0.50314861536026
train,511.0,2,0.4905853867530823,0.509414553642273
train,512.0,2,0.4950645864009857,0.5049353241920471
train,513.0,1,0.5178122520446777,0.48218774795532227
train,514.0,1,0.5008195638656616,0.4991804361343384
train,515.0,2,0.49416565895080566,0.5058342814445496
train,516.0,2,0.4949021637439728,0.5050977468490601
train,517.0,1,0.5006519556045532,0.4993480443954468
train,518.0,2,0.4957643151283264,0.5042356848716736
train,520.0,2,0.4971686005592346,0.5028313398361206
train,521.0,2,0.49298182129859924,0.5070182085037231
train,522.0,1,0.5062324404716492,0.4937675893306732
train,523.0,1,0.5249438285827637,0.4750562310218811
train,524.0,1,0.5003359913825989,0.4996640384197235
train,525.0,2,0.49446672201156616,0.5055332779884338
train,526.0,2,0.4972624182701111,0.5027375817298889
train,529.0,1,0.5103055834770203,0.48969435691833496
train,530.0,2,0.49582237005233765,0.5041776299476624
train,531.0,2,0.49058663845062256,0.5094134211540222
train,532.0,2,0.4964485764503479,0.5035513639450073
train,534.0,2,0.4865974485874176,0.51340252161026
train,535.0,1,0.5035417079925537,0.4964582920074463
train,536.0,1,0.5045197010040283,0.49548032879829407
train,540.0,1,0.5239475965499878,0.4760524034500122
train,541.0,1,0.5124315023422241,0.4875684380531311
train,542.0,2,0.4974040985107422,0.5025959014892578
train,543.0,2,0.499728798866272,0.500271201133728
train,544.0,2,0.49998047947883606,0.5000195503234863
train,545.0,2,0.49052247405052185,0.5094775557518005
train,546.0,2,0.48030054569244385,0.5196994543075562
train,547.0,1,0.5097255110740662,0.4902746081352234
train,548.0,1,0.5037228465080261,0.4962770938873291
train,549.0,2,0.49810317158699036,0.501896858215332
train,550.0,2,0.47507864236831665,0.5249212980270386
train,551.0,2,0.4693843126296997,0.5306157469749451
train,552.0,2,0.49972838163375854,0.5002715587615967
train,555.0,2,0.47876232862472534,0.5212376117706299
train,556.0,2,0.48963621258735657,0.510363757610321
train,557.0,2,0.4806209206581116,0.5193790197372437
train,558.0,2,0.47065603733062744,0.5293439626693726
train,559.0,1,0.5129043459892273,0.48709556460380554
train,560.0,1,0.5091004371643066,0.49089956283569336
train,561.0,1,0.5092050433158875,0.4907948970794678
train,562.0,2,0.49348732829093933,0.5065126419067383
train,563.0,2,0.47436732053756714,0.5256326794624329
train,564.0,1,0.508623480796814,0.4913763999938965
train,567.0,2,0.46989962458610535,0.5301003456115723
train,568.0,2,0.4707282781600952,0.5292717218399048
train,569.0,2,0.47589871287345886,0.5241012573242188
train,570.0,2,0.46775341033935547,0.5322465896606445
train,573.0,2,0.49030521512031555,0.5096947550773621
train,574.0,2,0.4942915737628937,0.5057083368301392
train,576.0,2,0.4898441731929779,0.5101559162139893
train,578.0,2,0.4940354526042938,0.505964457988739
train,579.0,2,0.48946553468704224,0.510534405708313
train,580.0,2,0.4694952666759491,0.5305047035217285
train,581.0,2,0.4951811730861664,0.5048187971115112
train,582.0,2,0.4824555516242981,0.5175445079803467
train,583.0,2,0.4921090006828308,0.5078909993171692
train,584.0,2,0.4997725188732147,0.5002275109291077
train,585.0,2,0.4817889630794525,0.5182110071182251
train,586.0,1,0.5053603053092957,0.49463969469070435
train,587.0,1,0.5010111331939697,0.49898892641067505
train,588.0,1,0.5000309944152832,0.4999689757823944
train,589.0,1,0.5063911080360413,0.49360892176628113
train,591.0,2,0.47888919711112976,0.5211108922958374
train,592.0,2,0.4939654767513275,0.5060344338417053
train,595.0,2,0.49482861161231995,0.5051713585853577
train,596.0,1,0.5027745366096497,0.49722540378570557
train,597.0,2,0.4950964152812958,0.5049036145210266
train,599.0,2,0.4948672950267792,0.5051327347755432
train,600.0,2,0.4765239655971527,0.5234760642051697
train,601.0,2,0.4749448299407959,0.5250552296638489
train,602.0,2,0.4949713349342346,0.5050286650657654
train,604.0,1,0.5077269077301025,0.49227312207221985
train,605.0,2,0.4744444489479065,0.5255555510520935
train,606.0,1,0.5144139528274536,0.4855860769748688
train,608.0,2,0.49185797572135925,0.5081419348716736
train,609.0,2,0.47240132093429565,0.5275986790657043
train,611.0,2,0.49768951535224915,0.5023105144500732
train,612.0,1,0.5080878734588623,0.4919120669364929
train,613.0,2,0.4939830005168915,0.5060169696807861
train,614.0,2,0.474694162607193,0.5253058671951294
train,615.0,2,0.4782053828239441,0.5217946767807007
train,616.0,2,0.4802999198436737,0.5197001099586487
train,617.0,1,0.512738823890686,0.48726120591163635
train,618.0,1,0.5113997459411621,0.4886002540588379
train,619.0,2,0.4964959919452667,0.5035040378570557
train,620.0,1,0.5114700198173523,0.48852992057800293
train,621.0,1,0.5074281096458435,0.4925718307495117
train,624.0,2,0.49405649304389954,0.5059435367584229
train,627.0,2,0.47266748547554016,0.5273324251174927
train,628.0,2,0.47373807430267334,0.5262619256973267
train,629.0,2,0.4765309989452362,0.5234689712524414
train,630.0,2,0.47912824153900146,0.5208718180656433
train,631.0,2,0.47614526748657227,0.5238547325134277
train,632.0,2,0.47310325503349304,0.5268967747688293
train,633.0,2,0.4707661271095276,0.5292338728904724
train,634.0,2,0.4799468517303467,0.5200530886650085
train,636.0,1,0.5053477883338928,0.4946522116661072
train,637.0,2,0.49803319573402405,0.5019668340682983
train,638.0,2,0.495475172996521,0.504524827003479
train,640.0,2,0.4896143972873688,0.5103855729103088
train,642.0,2,0.483877569437027,0.5161224007606506
train,643.0,2,0.487260103225708,0.512739896774292
train,644.0,2,0.49285754561424255,0.5071424841880798
train,645.0,2,0.4855758249759674,0.514424204826355
train,646.0,2,0.49148765206336975,0.5085123181343079
train,647.0,1,0.5236165523529053,0.4763834476470947
train,650.0,2,0.4932812452316284,0.5067187547683716
train,651.0,2,0.4932861924171448,0.5067137479782104
train,652.0,1,0.5140348672866821,0.48596516251564026
train,653.0,1,0.5001786947250366,0.49982133507728577
train,654.0,2,0.4944723844528198,0.5055275559425354
train,656.0,2,0.48138323426246643,0.5186168551445007
train,658.0,2,0.48605406284332275,0.5139459371566772
train,659.0,2,0.49350932240486145,0.5064906477928162
train,660.0,2,0.4863693416118622,0.5136305689811707
train,661.0,2,0.48935461044311523,0.5106453895568848
train,662.0,2,0.4804801642894745,0.5195198655128479
train,663.0,2,0.478534996509552,0.521465003490448
train,664.0,2,0.4901466965675354,0.5098533034324646
train,666.0,2,0.48915112018585205,0.5108489394187927
train,667.0,2,0.4982496201992035,0.5017503499984741
train,668.0,2,0.47934690117836,0.5206530690193176
train,669.0,2,0.48312029242515564,0.516879677772522
train,670.0,2,0.4850755035877228,0.5149245262145996
train,673.0,2,0.4836653172969818,0.5163346529006958
train,674.0,2,0.48486730456352234,0.5151327252388
train,675.0,1,0.5085253715515137,0.49147459864616394
train,677.0,1,0.5085235238075256,0.4914763569831848
train,678.0,1,0.5074669122695923,0.4925330579280853
train,679.0,2,0.49478965997695923,0.5052103400230408
train,681.0,2,0.48809123039245605,0.5119088292121887
train,682.0,1,0.5061253309249878,0.4938746988773346
train,684.0,2,0.47237858176231384,0.5276213884353638
train,685.0,1,0.5067492723464966,0.49325063824653625
train,686.0,1,0.5012266039848328,0.49877333641052246
train,688.0,1,0.5163073539733887,0.48369261622428894
train,689.0,2,0.49449536204338074,0.5055046081542969
train,690.0,1,0.502423107624054,0.4975769817829132
train,691.0,1,0.5074570178985596,0.49254295229911804
train,692.0,1,0.5071296095848083,0.4928703308105469
train,694.0,2,0.46649637818336487,0.5335035920143127
train,695.0,2,0.4676091969013214,0.5323907732963562
train,696.0,2,0.4653131067752838,0.5346869230270386
train,697.0,2,0.466690331697464,0.5333096385002136
train,698.0,2,0.4672664999961853,0.5327336192131042
train,699.0,2,0.47641241550445557,0.5235875844955444
train,700.0,2,0.46626585721969604,0.533734142780304
train,701.0,2,0.49336838722229004,0.5066315531730652
train,702.0,2,0.48054173588752747,0.5194582939147949
train,703.0,2,0.4795804023742676,0.5204195976257324
train,704.0,2,0.4726351797580719,0.5273647904396057
train,705.0,2,0.4866011142730713,0.5133988857269287
train,706.0,2,0.48757460713386536,0.5124254822731018
train,707.0,2,0.48367008566856384,0.5163299441337585
train,708.0,2,0.48310747742652893,0.5168924927711487
train,709.0,2,0.4825012981891632,0.5174986720085144
train,710.0,2,0.48126041889190674,0.5187395811080933
train,711.0,2,0.4804961085319519,0.5195038914680481
train,712.0,2,0.476949006319046,0.5230509042739868
train,713.0,2,0.4813069999217987,0.5186930298805237
train,714.0,2,0.4806017279624939,0.5193982124328613
train,715.0,2,0.4881359338760376,0.5118641257286072
train,716.0,2,0.4823051989078522,0.5176948308944702
train,717.0,2,0.4833166003227234,0.5166833996772766
train,718.0,2,0.48272067308425903,0.517279326915741
train,720.0,2,0.4822492003440857,0.5177507996559143
train,722.0,2,0.4810929000377655,0.5189071297645569
train,724.0,2,0.4784470498561859,0.5215529203414917
train,725.0,2,0.48321598768234253,0.5167840719223022
train,726.0,2,0.479404479265213,0.5205954909324646
train,729.0,2,0.4760054647922516,0.523994505405426
train,730.0,1,0.5080223679542542,0.49197763204574585
train,731.0,1,0.5010603666305542,0.4989396333694458
train,733.0,1,0.5114415884017944,0.48855841159820557
train,734.0,1,0.5097965598106384,0.49020346999168396
train,735.0,1,0.5049400329589844,0.4950600266456604
train,737.0,1,0.5065129995346069,0.4934869706630707
train,738.0,2,0.4919831454753876,0.50801682472229
train,739.0,1,0.5026821494102478,0.4973177909851074
train,740.0,2,0.47038596868515015,0.5296140313148499
train,741.0,2,0.4680601954460144,0.5319398641586304
train,742.0,2,0.48488593101501465,0.5151140689849854
train,743.0,2,0.4809037744998932,0.5190962553024292
train,744.0,2,0.48502102494239807,0.5149790048599243
train,745.0,2,0.4794135093688965,0.5205864310264587
train,746.0,2,0.49932560324668884,0.5006744265556335
train,747.0,1,0.5138054490089417,0.4861946105957031
train,749.0,2,0.48086777329444885,0.5191323161125183
train,750.0,1,0.515259861946106,0.48474016785621643
train,751.0,2,0.4678778350353241,0.5321221351623535
train,752.0,2,0.48980873823165894,0.5101912021636963
train,753.0,2,0.491343230009079,0.5086567401885986
train,754.0,2,0.4761265814304352,0.5238733887672424
train,755.0,2,0.4780585467815399,0.5219414234161377
train,756.0,2,0.4795648753643036,0.5204351544380188
train,760.0,1,0.5070266723632812,0.4929734170436859
train,762.0,1,0.5050324201583862,0.49496760964393616
train,763.0,1,0.5080708265304565,0.4919291138648987
train,764.0,1,0.5176660418510437,0.4823339581489563
train,766.0,1,0.5121423006057739,0.4878576993942261
train,767.0,1,0.5123542547225952,0.4876457750797272
train,768.0,1,0.5166741013526917,0.4833259582519531
train,770.0,1,0.5231403708457947,0.4768596887588501
train,771.0,1,0.5116381645202637,0.48836183547973633
train,772.0,1,0.5093169212341309,0.49068310856819153
train,773.0,1,0.510719358921051,0.489280641078949
train,774.0,1,0.5132913589477539,0.4867086410522461
train,775.0,1,0.5222257375717163,0.4777742922306061
train,776.0,1,0.5109588503837585,0.48904111981391907
train,777.0,2,0.47062334418296814,0.5293766260147095
train,778.0,2,0.475904256105423,0.5240957140922546
train,779.0,2,0.4733857214450836,0.526614248752594
train,780.0,2,0.4606316089630127,0.5393683314323425
train,781.0,2,0.47469857335090637,0.5253013968467712
train,782.0,1,0.5034696459770203,0.49653029441833496
train,783.0,2,0.49489760398864746,0.5051023960113525
train,784.0,2,0.49700963497161865,0.5029903650283813
train,786.0,2,0.49902355670928955,0.5009764432907104
train,787.0,1,0.5110381841659546,0.4889618754386902
train,788.0,1,0.5045547485351562,0.4954453110694885
train,789.0,1,0.5035050511360168,0.49649497866630554
train,790.0,1,0.5210676193237305,0.47893235087394714
train,791.0,1,0.519202470779419,0.48079755902290344
train,792.0,1,0.5099501013755798,0.49004989862442017
train,793.0,1,0.5020726323127747,0.49792733788490295
train,795.0,2,0.49365606904029846,0.5063439011573792
train,796.0,1,0.5029586553573608,0.49704137444496155
train,797.0,2,0.4957215487957001,0.5042784214019775
train,798.0,2,0.4958447217941284,0.5041552782058716
train,799.0,1,0.508764922618866,0.49123504757881165
train,800.0,2,0.47111889719963074,0.5288811326026917
train,802.0,2,0.4805219769477844,0.5194780826568604
train,803.0,2,0.48709216713905334,0.512907862663269
train,804.0,2,0.48594003915786743,0.5140599608421326
train,805.0,2,0.48898857831954956,0.5110114216804504
train,807.0,2,0.49566540122032166,0.5043346285820007
train,809.0,2,0.48196181654930115,0.5180381536483765
train,810.0,1,0.5091820359230042,0.49081799387931824
train,811.0,2,0.49896419048309326,0.5010358095169067
train,813.0,2,0.4753907024860382,0.5246092677116394
train,814.0,2,0.48156067728996277,0.5184392929077148
train,815.0,1,0.5111023783683777,0.4888975918292999
train,817.0,1,0.5013025999069214,0.4986974000930786
train,818.0,1,0.5102065205574036,0.48979344964027405
train,819.0,1,0.51532381772995,0.4846762418746948
train,820.0,1,0.5123821496963501,0.4876178205013275
train,822.0,1,0.5139663219451904,0.48603370785713196
train,823.0,1,0.5134262442588806,0.4865737557411194
train,824.0,1,0.5140195488929749,0.48598045110702515
train,826.0,1,0.516986608505249,0.4830133616924286
train,827.0,2,0.4960610270500183,0.5039389729499817
train,828.0,1,0.5010937452316284,0.49890634417533875
train,829.0,1,0.5156779885292053,0.48432204127311707
train,830.0,1,0.5176796913146973,0.48232027888298035
train,832.0,2,0.48509660363197327,0.5149034261703491
train,833.0,2,0.4970063865184784,0.5029935836791992
train,834.0,2,0.4796088635921478,0.5203911066055298
train,835.0,2,0.4773706793785095,0.5226292014122009
train,836.0,2,0.4897923767566681,0.5102076530456543
train,839.0,2,0.49473392963409424,0.5052660703659058
train,840.0,2,0.47539031505584717,0.5246096849441528
train,841.0,2,0.4709862172603607,0.5290137529373169
train,843.0,2,0.49820494651794434,0.5017951130867004
train,844.0,1,0.5147225260734558,0.4852774441242218
train,845.0,1,0.5141300559043884,0.4858699440956116
train,846.0,2,0.47873958945274353,0.5212604403495789
train,847.0,2,0.4993588626384735,0.5006411075592041
train,848.0,1,0.5101043581962585,0.48989567160606384
train,849.0,1,0.5029178857803345,0.4970821440219879
train,850.0,1,0.5072469711303711,0.4927530586719513
train,851.0,2,0.46652406454086304,0.5334758758544922
train,853.0,2,0.46509385108947754,0.5349061489105225
train,854.0,2,0.4707903265953064,0.5292096138000488
train,856.0,2,0.4666408598423004,0.5333591103553772
train,859.0,2,0.4779612421989441,0.5220387578010559
train,860.0,2,0.4918902814388275,0.5081096887588501
train,861.0,2,0.48512688279151917,0.5148731470108032
train,862.0,2,0.4870736598968506,0.5129263997077942
train,863.0,2,0.48445072770118713,0.5155492424964905
train,865.0,2,0.48637399077415466,0.5136260390281677
train,866.0,2,0.4806192219257355,0.5193806886672974
train,867.0,2,0.48324400186538696,0.5167560577392578
train,868.0,2,0.48602867126464844,0.5139713287353516
train,869.0,2,0.4802365303039551,0.5197634100914001
train,870.0,2,0.4835710823535919,0.5164288878440857
train,871.0,2,0.48236241936683655,0.5176376104354858
train,872.0,2,0.481738805770874,0.518261194229126
train,873.0,2,0.4804609715938568,0.5195389986038208
train,874.0,2,0.48643064498901367,0.5135693550109863
train,875.0,1,0.5142534375190735,0.4857465326786041
train,876.0,1,0.5108914375305176,0.4891085624694824
train,877.0,1,0.513447105884552,0.4865529239177704
train,878.0,1,0.5077950358390808,0.4922049343585968
train,879.0,1,0.5067240595817566,0.493275910615921
train,881.0,1,0.5044661164283752,0.49553382396698
train,882.0,1,0.5044187307357788,0.4955812394618988
train,883.0,1,0.5132724046707153,0.48672762513160706
train,884.0,1,0.5067058801651001,0.4932940900325775
train,885.0,1,0.5022700428962708,0.49772992730140686
train,886.0,2,0.46532559394836426,0.5346744060516357
train,887.0,2,0.48192667961120605,0.5180732607841492
train,888.0,2,0.4893658459186554,0.5106341242790222
train,889.0,2,0.48529380559921265,0.5147060751914978
train,891.0,2,0.48291367292404175,0.5170863270759583
train,892.0,2,0.4798412024974823,0.5201588273048401
train,895.0,2,0.4768025279045105,0.5231974124908447
train,896.0,2,0.4767497479915619,0.5232502222061157
train,898.0,1,0.5101869702339172,0.48981302976608276
train,899.0,1,0.5078007578849792,0.49219927191734314
train,900.0,1,0.5034457445144653,0.4965541958808899
train,901.0,1,0.5094741582870483,0.49052587151527405
train,902.0,2,0.4948967397212982,0.5051032304763794
train,903.0,1,0.5114151835441589,0.4885846972465515
train,904.0,1,0.5112629532814026,0.488737016916275
train,905.0,1,0.5171204805374146,0.48287951946258545
train,906.0,1,0.5108071565628052,0.48919281363487244
train,908.0,1,0.5196903944015503,0.4803095757961273
train,910.0,1,0.5199167132377625,0.48008325695991516
train,911.0,1,0.5113871097564697,0.4886128306388855
train,913.0,1,0.5111421942710876,0.48885777592658997
train,914.0,2,0.470464825630188,0.5295352339744568
train,917.0,2,0.4978235363960266,0.5021764636039734
train,918.0,1,0.5013696551322937,0.4986303448677063
train,919.0,1,0.5018879175186157,0.4981120824813843
train,920.0,2,0.4966774582862854,0.5033224821090698
train,921.0,1,0.5101847052574158,0.4898153245449066
train,924.0,1,0.5194095373153687,0.48059046268463135
train,925.0,2,0.4721652865409851,0.5278347134590149
train,926.0,2,0.48177382349967957,0.5182260870933533
train,927.0,2,0.48099958896636963,0.5190003514289856
train,929.0,2,0.47656965255737305,0.5234304070472717
train,930.0,1,0.5087329745292664,0.4912670850753784
train,932.0,2,0.49950844049453735,0.5004914999008179
train,933.0,1,0.5181809663772583,0.4818190038204193
train,934.0,1,0.5094665288925171,0.4905335307121277
train,936.0,1,0.5101640820503235,0.4898359179496765
train,938.0,2,0.4662110507488251,0.5337889790534973
train,939.0,1,0.5113937258720398,0.48860621452331543
train,940.0,2,0.49431902170181274,0.5056809782981873
train,942.0,1,0.5176200270652771,0.4823800325393677
train,943.0,1,0.5002892017364502,0.4997108578681946
train,944.0,2,0.477346807718277,0.5226531624794006
train,945.0,2,0.48843929171562195,0.5115607380867004
train,946.0,2,0.480469286441803,0.5195306539535522
train,947.0,2,0.49382346868515015,0.5061765313148499
train,948.0,2,0.4937487840652466,0.5062512755393982
train,949.0,2,0.49943527579307556,0.500564694404602
train,950.0,1,0.5072872638702393,0.49271270632743835
train,951.0,2,0.49541014432907104,0.504589855670929
train,952.0,2,0.4941050112247467,0.5058950185775757
train,954.0,1,0.5012173652648926,0.49878260493278503
train,956.0,2,0.4963764548301697,0.5036234855651855
train,957.0,2,0.48921576142311096,0.5107842683792114
train,958.0,2,0.49827340245246887,0.501726508140564
train,959.0,2,0.49893108010292053,0.5010689496994019
train,960.0,2,0.4973542094230652,0.5026457905769348
train,962.0,2,0.48710694909095764,0.5128930807113647
train,963.0,2,0.4983595609664917,0.5016403794288635
train,964.0,1,0.5051872134208679,0.4948127865791321
train,965.0,1,0.5097625255584717,0.49023744463920593
train,966.0,1,0.5063908696174622,0.49360913038253784
train,967.0,1,0.5024257302284241,0.4975742697715759
train,968.0,1,0.5072782039642334,0.4927217960357666
train,969.0,1,0.5060064792633057,0.49399352073669434
train,970.0,2,0.4940337836742401,0.5059662461280823
train,971.0,2,0.4833945333957672,0.5166054964065552
train,972.0,2,0.4843914806842804,0.5156084299087524
train,973.0,2,0.4936365783214569,0.5063633918762207
train,974.0,2,0.49188661575317383,0.508113443851471
train,977.0,2,0.4907971918582916,0.509202778339386
train,978.0,2,0.49741804599761963,0.5025818943977356
train,979.0,1,0.5014467239379883,0.49855318665504456
train,980.0,2,0.4802655875682831,0.5197343826293945
train,981.0,2,0.48323360085487366,0.5167663097381592
train,985.0,1,0.5047885775566101,0.4952113628387451
train,986.0,2,0.4949341118335724,0.50506591796875
train,987.0,1,0.5024365186691284,0.4975634515285492
train,988.0,2,0.49227339029312134,0.5077266097068787
train,989.0,2,0.49384868144989014,0.5061512589454651
train,990.0,2,0.484986275434494,0.5150137543678284
train,991.0,2,0.4875955879688263,0.5124044418334961
train,992.0,2,0.47450676560401917,0.5254932641983032
train,993.0,2,0.47543004155158997,0.5245699882507324
train,994.0,2,0.490765780210495,0.5092342495918274
train,995.0,2,0.48829853534698486,0.5117014646530151
train,997.0,2,0.4991002380847931,0.5008997917175293
train,998.0,1,0.5032739639282227,0.4967260956764221
train,999.0,2,0.4988962411880493,0.5011037588119507
train,1000.0,2,0.49553757905960083,0.5044623613357544
train,1004.0,2,0.49598002433776855,0.5040199756622314
train,1005.0,1,0.5027393102645874,0.497260719537735
train,1006.0,1,0.506041944026947,0.493958055973053
train,1008.0,2,0.4890293478965759,0.5109706521034241
train,1009.0,1,0.502487063407898,0.49751290678977966
train,1010.0,2,0.48426786065101624,0.5157321095466614
train,1012.0,2,0.4939665198326111,0.5060335397720337
train,1013.0,2,0.4760759174823761,0.5239240527153015
train,1015.0,1,0.5062620043754578,0.493738055229187
train,1016.0,2,0.47590476274490356,0.5240952372550964
train,1017.0,2,0.491904616355896,0.508095383644104
train,1018.0,2,0.48504382371902466,0.5149561762809753
train,1019.0,2,0.4874207079410553,0.5125792622566223
train,1020.0,2,0.49687260389328003,0.50312739610672
train,1021.0,2,0.4754416346549988,0.5245583057403564
train,1022.0,2,0.4887014925479889,0.5112985372543335
train,1024.0,1,0.5068768858909607,0.4931230843067169
train,1025.0,2,0.49132001399993896,0.5086800456047058
train,1026.0,2,0.48708575963974,0.51291424036026
train,1027.0,2,0.4827612340450287,0.5172387957572937
train,1029.0,1,0.5046929121017456,0.49530714750289917
train,1030.0,2,0.4977538287639618,0.5022462010383606
train,1031.0,2,0.4988037645816803,0.5011961460113525
train,1032.0,2,0.4835834801197052,0.5164164304733276
train,1033.0,2,0.4848830997943878,0.5151168704032898
train,1034.0,1,0.501346230506897,0.4986538290977478
train,1035.0,1,0.5013828277587891,0.4986172318458557
train,1036.0,1,0.5007991194725037,0.49920088052749634
train,1038.0,2,0.4924135208129883,0.5075865387916565
train,1039.0,2,0.48948103189468384,0.5105189681053162
train,1040.0,2,0.4801848232746124,0.51981520652771
train,1042.0,1,0.5031810402870178,0.4968189597129822
train,1043.0,2,0.4992688298225403,0.5007311701774597
train,1044.0,2,0.49726632237434387,0.5027337670326233
train,1045.0,1,0.5049176216125488,0.49508237838745117
train,1046.0,2,0.4813435673713684,0.5186563730239868
train,1047.0,2,0.4843851327896118,0.515614926815033
train,1048.0,1,0.5062231421470642,0.4937768280506134
train,1049.0,1,0.5022720098495483,0.4977279305458069
train,1050.0,2,0.49976882338523865,0.5002310872077942
train,1051.0,2,0.4969940483570099,0.5030059814453125
train,1053.0,2,0.49764084815979004,0.5023592114448547
train,1054.0,2,0.4936383068561554,0.5063616633415222
train,1056.0,1,0.5046690702438354,0.4953308701515198
train,1057.0,2,0.4787801504135132,0.5212198495864868
train,1058.0,2,0.4972974956035614,0.5027024745941162
train,1061.0,2,0.4974195063114166,0.5025805234909058
train,1062.0,2,0.4896911680698395,0.5103088021278381
train,1063.0,2,0.49759605526924133,0.502403974533081
train,1064.0,2,0.48370063304901123,0.5162993669509888
train,1065.0,2,0.4809943735599518,0.5190055966377258
train,1066.0,2,0.49868980050086975,0.5013102293014526
train,1067.0,2,0.4743746519088745,0.5256253480911255
train,1068.0,1,0.5028809905052185,0.4971190392971039
train,1069.0,1,0.5040406584739685,0.4959593117237091
train,1070.0,2,0.4988038241863251,0.5011961460113525
train,1071.0,2,0.4895175099372864,0.5104824304580688
train,1072.0,2,0.48588109016418457,0.5141188502311707
train,1073.0,2,0.48113980889320374,0.5188602209091187
train,1074.0,2,0.47952327132225037,0.5204766988754272
train,1075.0,2,0.4844704270362854,0.5155295729637146
train,1076.0,2,0.49348384141921997,0.5065162181854248
train,1077.0,2,0.4995450973510742,0.500454843044281
train,1078.0,1,0.5013818144798279,0.49861815571784973
train,1079.0,2,0.48847776651382446,0.5115221738815308
train,1080.0,2,0.49638259410858154,0.5036174058914185
train,1081.0,1,0.5026482343673706,0.4973517060279846
train,1082.0,1,0.5066409111022949,0.4933590590953827
train,1083.0,2,0.48833394050598145,0.5116660594940186
train,1086.0,1,0.5047796964645386,0.4952203035354614
train,1087.0,1,0.5115975141525269,0.48840248584747314
train,1089.0,2,0.4948650002479553,0.5051349997520447
train,1090.0,2,0.4855108857154846,0.5144890546798706
train,1091.0,2,0.4859614074230194,0.5140385627746582
train,1092.0,2,0.48881790041923523,0.5111820697784424
train,1093.0,1,0.5043871998786926,0.495612770318985
train,1094.0,2,0.4741096794605255,0.5258903503417969
train,1095.0,2,0.48020678758621216,0.5197931528091431
train,1096.0,2,0.4963496923446655,0.5036503076553345
train,1098.0,2,0.48242801427841187,0.5175719857215881
train,1099.0,2,0.48656415939331055,0.5134358406066895
train,1100.0,2,0.49408581852912903,0.5059141516685486
train,1101.0,2,0.4878666400909424,0.5121333003044128
train,1102.0,2,0.47140955924987793,0.5285904407501221
train,1103.0,2,0.4893761873245239,0.5106237530708313
train,1104.0,2,0.4993968904018402,0.5006030797958374
train,1105.0,2,0.48003628849983215,0.5199636816978455
train,1107.0,1,0.5027388334274292,0.4972611367702484
train,1108.0,2,0.48031115531921387,0.5196887850761414
train,1109.0,1,0.5066885352134705,0.49331146478652954
train,1110.0,2,0.49872633814811707,0.5012736320495605
train,1111.0,2,0.48529353737831116,0.5147064328193665
train,1112.0,1,0.5065372586250305,0.4934627413749695
train,1113.0,2,0.4981435537338257,0.5018563866615295
train,1115.0,2,0.4914249777793884,0.5085749626159668
train,1116.0,2,0.4911508858203888,0.5088490843772888
train,1118.0,1,0.5018504858016968,0.4981495141983032
train,1119.0,1,0.5150206089019775,0.4849793314933777
train,1120.0,1,0.5107406377792358,0.48925939202308655
train,1121.0,2,0.49374669790267944,0.506253182888031
train,1122.0,2,0.48374810814857483,0.5162518620491028
train,1123.0,2,0.485476553440094,0.514523446559906
train,1124.0,2,0.49504217505455017,0.5049577951431274
train,1127.0,1,0.5028680562973022,0.4971318244934082
train,1128.0,2,0.4777756929397583,0.5222242474555969
train,1130.0,2,0.47471490502357483,0.5252851247787476
train,1131.0,1,0.5000818967819214,0.499918133020401
train,1132.0,1,0.5034139752388,0.4965859651565552
train,1133.0,2,0.49880778789520264,0.5011922121047974
train,1134.0,1,0.5041506886482239,0.49584928154945374
train,1135.0,1,0.5081233978271484,0.49187666177749634
train,1136.0,2,0.4891076982021332,0.5108922719955444
train,1137.0,2,0.4883979856967926,0.511601984500885
train,1138.0,2,0.49049612879753113,0.5095038414001465
train,1139.0,2,0.48246073722839355,0.5175392627716064
train,1140.0,2,0.4976741671562195,0.5023257732391357
train,1142.0,2,0.49026280641555786,0.5097371935844421
train,1143.0,2,0.4913012683391571,0.5086987018585205
train,1146.0,1,0.5021861791610718,0.4978138208389282
train,1147.0,1,0.5050314664840698,0.4949685335159302
train,1148.0,1,0.50606369972229,0.4939362704753876
train,1149.0,1,0.5065464973449707,0.4934534728527069
train,1150.0,2,0.4888317286968231,0.5111683011054993
train,1151.0,1,0.5020219683647156,0.49797800183296204
train,1152.0,2,0.4945600926876068,0.5054399371147156
train,1153.0,2,0.4991768002510071,0.5008231997489929
train,1154.0,2,0.48214191198349,0.51785808801651
train,1155.0,2,0.49023914337158203,0.509760856628418
train,1156.0,1,0.5022273063659668,0.4977726936340332
train,1159.0,1,0.5072923898696899,0.4927075207233429
train,1160.0,2,0.49808046221733093,0.5019195675849915
train,1162.0,1,0.5039049386978149,0.49609503149986267
train,1163.0,1,0.5034704804420471,0.49652960896492004
train,1164.0,2,0.49173423647880554,0.5082657933235168
train,1165.0,2,0.4901505708694458,0.5098493695259094
train,1166.0,2,0.4932570159435272,0.5067429542541504
train,1167.0,2,0.4806424081325531,0.5193575620651245
train,1168.0,2,0.48028045892715454,0.5197194814682007
train,1169.0,1,0.508369505405426,0.49163055419921875
train,1171.0,1,0.5033299922943115,0.49667003750801086
train,1172.0,1,0.5023215413093567,0.4976784288883209
train,1173.0,1,0.5021913647651672,0.49780863523483276
train,1174.0,1,0.5058137774467468,0.4941862225532532
train,1175.0,1,0.5006751418113708,0.4993249177932739
train,1176.0,1,0.5044563412666321,0.4955436885356903
train,1177.0,1,0.5063470602035522,0.49365299940109253
train,1179.0,2,0.49439573287963867,0.5056043267250061
train,1180.0,2,0.4833759665489197,0.5166239738464355
train,1181.0,1,0.5028210878372192,0.49717891216278076
train,1182.0,1,0.5053794980049133,0.49462050199508667
train,1183.0,2,0.4909669756889343,0.5090330839157104
train,1185.0,1,0.5008872151374817,0.4991128146648407
train,1186.0,2,0.4972195327281952,0.502780556678772
train,1187.0,1,0.5086870789527893,0.4913128912448883
train,1189.0,2,0.47882339358329773,0.5211766362190247
train,1191.0,1,0.5093095302581787,0.49069055914878845
train,1192.0,1,0.5062465071678162,0.4937535226345062
test,11.0,2,0.49997931718826294,0.5000206232070923
test,24.0,2,0.49919548630714417,0.5008044242858887
test,32.0,1,0.5001653432846069,0.49983468651771545
test,45.0,2,0.4911854565143585,0.5088145732879639
test,50.0,2,0.49886563420295715,0.5011343359947205
test,52.0,2,0.4842424690723419,0.5157576203346252
test,55.0,1,0.501292884349823,0.49870702624320984
test,57.0,1,0.5000622868537903,0.4999377727508545
test,59.0,2,0.494883269071579,0.5051167011260986
test,60.0,2,0.49864980578422546,0.5013502240180969
test,64.0,1,0.5049180388450623,0.49508199095726013
test,71.0,1,0.5064702033996582,0.4935297667980194
test,77.0,1,0.5002014636993408,0.49979856610298157
test,82.0,1,0.5049180388450623,0.49508199095726013
test,84.0,2,0.4952966868877411,0.5047033429145813
test,87.0,2,0.48941755294799805,0.5105825066566467
test,89.0,1,0.5187700390815735,0.4812299311161041
test,97.0,1,0.5064488649368286,0.4935511648654938
test,102.0,1,0.5064702033996582,0.4935297667980194
test,108.0,1,0.5159138441085815,0.48408612608909607
test,110.0,2,0.4972545802593231,0.5027453303337097
test,114.0,2,0.4997466504573822,0.5002533197402954
test,129.0,2,0.4964715242385864,0.5035284757614136
test,130.0,2,0.4999752938747406,0.500024676322937
test,139.0,1,0.5031128525733948,0.49688711762428284
test,140.0,2,0.4992690682411194,0.5007309317588806
test,141.0,1,0.5006577968597412,0.499342143535614
test,142.0,1,0.5006577968597412,0.499342143535614
test,156.0,1,0.5011494755744934,0.4988504648208618
test,157.0,1,0.5011494755744934,0.4988504648208618
test,159.0,2,0.49750250577926636,0.5024974942207336
test,164.0,1,0.5001325011253357,0.49986761808395386
test,169.0,1,0.5159138441085815,0.48408612608909607
test,171.0,2,0.4969397485256195,0.5030602812767029
test,175.0,2,0.4972545802593231,0.5027453303337097
test,193.0,2,0.49925947189331055,0.5007404685020447
test,200.0,1,0.5016920566558838,0.498308002948761
test,201.0,1,0.5146582126617432,0.4853418171405792
test,210.0,1,0.5106088519096375,0.4893912076950073
test,211.0,1,0.5001192688941956,0.49988070130348206
test,212.0,1,0.5009139180183411,0.4990861415863037
test,220.0,2,0.4766424596309662,0.5233575701713562
test,222.0,2,0.49741461873054504,0.5025853514671326
test,226.0,2,0.49558016657829285,0.50441974401474
test,233.0,2,0.49765896797180176,0.5023410320281982
test,235.0,2,0.4739459753036499,0.5260540843009949
test,242.0,1,0.5223375558853149,0.47766247391700745
test,245.0,1,0.5297390818595886,0.4702609181404114
test,246.0,1,0.5023664236068726,0.49763351678848267
test,263.0,2,0.4987730085849762,0.5012269616127014
test,268.0,2,0.4921947717666626,0.5078052282333374
test,273.0,1,0.5050286650657654,0.49497130513191223
test,277.0,1,0.5015420913696289,0.4984578490257263
test,280.0,2,0.4999834895133972,0.5000165104866028
test,289.0,1,0.5005422234535217,0.4994577467441559
test,292.0,1,0.5007601976394653,0.49923980236053467
test,293.0,1,0.5050286650657654,0.49497130513191223
test,295.0,2,0.49983829259872437,0.5001616477966309
test,297.0,2,0.49937984347343445,0.5006201863288879
test,299.0,1,0.5007286071777344,0.4992713928222656
test,309.0,2,0.4966822564601898,0.5033177137374878
test,311.0,1,0.5000323057174683,0.4999677836894989
test,312.0,1,0.5000323057174683,0.4999677836894989
test,322.0,1,0.5000540614128113,0.49994605779647827
test,324.0,2,0.49951815605163574,0.5004818439483643
test,326.0,1,0.5003376603126526,0.4996623396873474
test,330.0,1,0.5047445297241211,0.4952555000782013
test,331.0,1,0.501732349395752,0.49826768040657043
test,334.0,1,0.5007286071777344,0.4992713928222656
test,335.0,1,0.5003376603126526,0.4996623396873474
test,336.0,1,0.5003376603126526,0.4996623396873474
test,347.0,1,0.5070736408233643,0.49292638897895813
test,355.0,2,0.49973928928375244,0.5002607107162476
test,358.0,2,0.4988671839237213,0.5011327862739563
test,364.0,1,0.5029619336128235,0.49703800678253174
test,365.0,2,0.4995485842227936,0.5004514455795288
test,370.0,2,0.49884942173957825,0.5011505484580994
test,374.0,1,0.506990909576416,0.49300912022590637
test,379.0,1,0.5021387934684753,0.49786120653152466
test,380.0,2,0.4994148015975952,0.5005851984024048
test,383.0,1,0.507543683052063,0.4924563765525818
test,385.0,1,0.507543683052063,0.4924563765525818
test,393.0,1,0.5152100324630737,0.48478996753692627
test,397.0,2,0.49870529770851135,0.5012946724891663
test,401.0,2,0.49919548630714417,0.5008044242858887
test,413.0,1,0.5187700390815735,0.4812299311161041
test,423.0,2,0.49660640954971313,0.5033935904502869
test,426.0,2,0.4921947717666626,0.5078052282333374
test,427.0,2,0.49177286028862,0.5082271099090576
test,428.0,2,0.49938976764678955,0.5006101727485657
test,432.0,1,0.5003376603126526,0.4996623396873474
test,435.0,2,0.49938666820526123,0.5006133317947388
test,444.0,2,0.4965585470199585,0.5034414529800415
test,452.0,1,0.5079920291900635,0.49200788140296936
test,456.0,2,0.4965585470199585,0.5034414529800415
test,458.0,2,0.48711705207824707,0.5128829479217529
test,463.0,1,0.5122435688972473,0.4877564311027527
test,466.0,2,0.49997931718826294,0.5000206232070923
test,470.0,2,0.48711705207824707,0.5128829479217529
test,482.0,2,0.49697208404541016,0.5030279755592346
test,487.0,2,0.4849282205104828,0.5150717496871948
test,490.0,2,0.4849282205104828,0.5150717496871948
test,495.0,1,0.5043421983718872,0.4956578016281128
test,499.0,2,0.4931682050228119,0.5068318843841553
test,519.0,1,0.5064346790313721,0.49356526136398315
test,527.0,1,0.5159138441085815,0.48408612608909607
test,528.0,2,0.4945032596588135,0.5054967999458313
test,533.0,1,0.5207915306091309,0.47920849919319153
test,537.0,2,0.49986594915390015,0.5001340508460999
test,538.0,1,0.5005900263786316,0.4994100034236908
test,539.0,2,0.4991191327571869,0.5008808970451355
test,553.0,2,0.4937301278114319,0.5062699317932129
test,554.0,2,0.49330028891563416,0.5066996812820435
test,565.0,2,0.49765896797180176,0.5023410320281982
test,566.0,2,0.4739459753036499,0.5260540843009949
test,571.0,1,0.5130900144577026,0.48691001534461975
test,572.0,1,0.5007601976394653,0.49923980236053467
test,575.0,2,0.4937301278114319,0.5062699317932129
test,577.0,2,0.49330028891563416,0.5066996812820435
test,590.0,2,0.49330028891563416,0.5066996812820435
test,593.0,2,0.49612903594970703,0.5038710236549377
test,594.0,2,0.49612903594970703,0.5038710236549377
test,598.0,2,0.49330028891563416,0.5066996812820435
test,603.0,1,0.5091856122016907,0.4908144176006317
test,607.0,2,0.498497873544693,0.5015020966529846
test,610.0,2,0.4937301278114319,0.5062699317932129
test,622.0,2,0.4945240616798401,0.5054759383201599
test,623.0,2,0.4982982277870178,0.5017017126083374
test,625.0,1,0.5000266432762146,0.49997344613075256
test,626.0,1,0.5015420913696289,0.4984578490257263
test,635.0,1,0.5130900144577026,0.48691001534461975
test,639.0,2,0.4937301278114319,0.5062699317932129
test,641.0,2,0.49330028891563416,0.5066996812820435
test,648.0,2,0.489610493183136,0.510389506816864
test,649.0,2,0.49612903594970703,0.5038710236549377
test,655.0,2,0.489610493183136,0.510389506816864
test,657.0,2,0.4897080957889557,0.5102919340133667
test,665.0,2,0.48969992995262146,0.5103000402450562
test,671.0,2,0.48285290598869324,0.5171470642089844
test,672.0,2,0.48285290598869324,0.5171470642089844
test,676.0,1,0.5088405013084412,0.49115946888923645
test,680.0,2,0.48047834634780884,0.5195216536521912
test,683.0,2,0.49923214316368103,0.5007678866386414
test,687.0,2,0.4779883027076721,0.5220116972923279
test,693.0,1,0.5065155029296875,0.4934844970703125
test,719.0,2,0.48285290598869324,0.5171470642089844
test,721.0,2,0.48285290598869324,0.5171470642089844
test,723.0,2,0.48285290598869324,0.5171470642089844
test,727.0,2,0.48285290598869324,0.5171470642089844
test,728.0,2,0.48285290598869324,0.5171470642089844
test,732.0,1,0.5088405013084412,0.49115946888923645
test,736.0,1,0.5088405013084412,0.49115946888923645
test,748.0,2,0.4960082173347473,0.5039917826652527
test,757.0,2,0.4779883027076721,0.5220116972923279
test,758.0,1,0.507992148399353,0.49200788140296936
test,759.0,1,0.5002367496490479,0.4997633099555969
test,761.0,1,0.5070736408233643,0.49292638897895813
test,765.0,1,0.5152100324630737,0.48478996753692627
test,769.0,1,0.5152100324630737,0.48478996753692627
test,785.0,2,0.49885886907577515,0.5011411309242249
test,794.0,1,0.5077419877052307,0.4922579824924469
test,801.0,2,0.48285290598869324,0.5171470642089844
test,806.0,1,0.5023897886276245,0.4976101517677307
test,808.0,2,0.48047834634780884,0.5195216536521912
test,812.0,2,0.4779883027076721,0.5220116972923279
test,816.0,1,0.5070736408233643,0.49292638897895813
test,821.0,1,0.5152100324630737,0.48478996753692627
test,825.0,1,0.5152100324630737,0.48478996753692627
test,831.0,2,0.4823242425918579,0.5176758170127869
test,837.0,1,0.5065155029296875,0.4934844970703125
test,838.0,1,0.5088405013084412,0.49115946888923645
test,842.0,2,0.4779883027076721,0.5220116972923279
test,852.0,2,0.4681742489337921,0.5318257808685303
test,855.0,2,0.4681742489337921,0.5318257808685303
test,857.0,2,0.4681742489337921,0.5318257808685303
test,858.0,2,0.4681742489337921,0.5318257808685303
test,864.0,2,0.48285290598869324,0.5171470642089844
test,880.0,1,0.5088405013084412,0.49115946888923645
test,890.0,2,0.48285290598869324,0.5171470642089844
test,893.0,2,0.48285290598869324,0.5171470642089844
test,894.0,2,0.4999382793903351,0.5000617504119873
test,897.0,2,0.4779883027076721,0.5220116972923279
test,907.0,1,0.5152100324630737,0.48478996753692627
test,909.0,1,0.5152100324630737,0.48478996753692627
test,912.0,1,0.5152100324630737,0.48478996753692627
test,915.0,2,0.49885886907577515,0.5011411309242249
test,916.0,2,0.49885886907577515,0.5011411309242249
test,922.0,1,0.5152100324630737,0.48478996753692627
test,923.0,1,0.5152100324630737,0.48478996753692627
test,928.0,2,0.48285290598869324,0.5171470642089844
test,931.0,2,0.4779883027076721,0.5220116972923279
test,935.0,1,0.5070736408233643,0.49292638897895813
test,937.0,1,0.5088405013084412,0.49115946888923645
test,941.0,1,0.5010780096054077,0.4989219009876251
test,953.0,2,0.49929094314575195,0.500709056854248
test,955.0,1,0.501102089881897,0.49889785051345825
test,961.0,2,0.4830806851387024,0.5169193744659424
test,975.0,2,0.48959341645240784,0.5104066133499146
test,976.0,2,0.4754548966884613,0.5245450735092163
test,982.0,2,0.48418572545051575,0.5158142447471619
test,983.0,2,0.49594342708587646,0.5040565133094788
test,984.0,2,0.49594342708587646,0.5040565133094788
test,996.0,2,0.4965835511684418,0.5034164786338806
test,1001.0,1,0.5003963112831116,0.4996037185192108
test,1002.0,1,0.5003963112831116,0.4996037185192108
test,1003.0,2,0.4993938207626343,0.5006061792373657
test,1007.0,2,0.48407745361328125,0.5159226059913635
test,1011.0,2,0.4852442443370819,0.5147557258605957
test,1014.0,2,0.49895140528678894,0.5010486245155334
test,1023.0,2,0.4830806851387024,0.5169193744659424
test,1028.0,2,0.4830806851387024,0.5169193744659424
test,1037.0,1,0.5028626322746277,0.4971374273300171
test,1041.0,2,0.4830806851387024,0.5169193744659424
test,1052.0,1,0.5034270882606506,0.49657294154167175
test,1055.0,2,0.49400994181632996,0.5059900283813477
test,1059.0,1,0.5003937482833862,0.49960628151893616
test,1060.0,2,0.4830806851387024,0.5169193744659424
test,1084.0,1,0.5003963112831116,0.4996037185192108
test,1085.0,1,0.5072989463806152,0.49270108342170715
test,1088.0,1,0.5072989463806152,0.49270108342170715
test,1097.0,1,0.5026270151138306,0.49737292528152466
test,1106.0,2,0.49012866616249084,0.5098713636398315
test,1114.0,1,0.5058730244636536,0.49412697553634644
test,1117.0,2,0.49908867478370667,0.5009113550186157
test,1125.0,2,0.49073895812034607,0.5092610120773315
test,1126.0,2,0.4789360463619232,0.5210639834403992
test,1129.0,2,0.4983101487159729,0.5016899108886719
test,1141.0,2,0.49981191754341125,0.5001879930496216
test,1144.0,2,0.49411991238594055,0.5058801174163818
test,1145.0,2,0.4988248944282532,0.5011751055717468
test,1157.0,2,0.4990772008895874,0.5009227991104126
test,1158.0,2,0.4994237720966339,0.5005762577056885
test,1161.0,1,0.5107534527778625,0.4892464876174927
test,1170.0,1,0.5015257596969604,0.49847427010536194
test,1178.0,2,0.49793028831481934,0.5020697116851807
test,1184.0,1,0.5003219246864319,0.4996780753135681
test,1188.0,2,0.4789360463619232,0.5210639834403992
test,1190.0,2,0.4869364798069,0.5130634903907776
